timestamp_perf_counter_sec,elapsed_sec,step,cpu_util_percent,gpu_util_percent,gpu_mem_used_mb,gpu_power_w,gpu_energy_mj
9638223.868016938,0.0028438400477170944,-1,0.0,8.0,2039.25,21.458,138198861350.0
9638224.374183409,0.509010311216116,1,2.0,94.0,8757.25,64.791,138198948499.0
9638224.876358816,1.0111857187002897,3,2.0,98.0,8757.25,180.234,138199052440.0
9638225.378564766,1.5133916679769754,5,2.0,97.0,8757.25,209.066,138199154316.0
9638225.880944628,2.0157715305685997,8,2.0,97.0,8757.25,205.915,138199253286.0
9638226.383023536,2.517850438132882,10,1.9,98.0,8757.25,204.072,138199348646.0
9638226.890175505,3.025002406910062,12,2.0,99.0,8757.25,203.73,138199451119.0
9638227.392427234,3.5272541362792253,14,1.9,98.0,8757.25,204.87,138199553192.0
9638227.900492128,4.035319030284882,16,2.0,99.0,8757.25,204.13,138199655616.0
9638228.402640017,4.537466919049621,18,1.9,97.0,8757.25,205.801,138199755288.0
9638228.930802083,5.065628984943032,20,2.0,97.0,8757.25,207.181,138199855519.0
9638229.43347383,5.568300731480122,22,2.0,98.0,8757.25,209.703,138199957284.0
9638229.935658028,6.0704849306494,25,1.9,98.0,8757.25,213.888,138200062758.0
9638230.43798992,6.572816822677851,27,2.0,99.0,8757.25,211.771,138200163119.0
9638230.940162553,7.074989454820752,29,1.9,97.0,8757.25,205.103,138200281517.0
9638231.442179307,7.577006209641695,31,2.0,99.0,8757.25,205.259,138200383568.0
9638231.95765389,8.092480791732669,33,2.0,97.0,8757.25,205.977,138200483405.0
9638232.459784137,8.5946110393852,35,2.0,98.0,8757.25,209.977,138200584965.0
9638232.962847903,9.097674805670977,37,1.9,99.0,8757.25,210.875,138200684233.0
9638233.468608065,9.603434966877103,39,1.9,97.0,8757.25,209.314,138200787783.0
9638233.971983464,10.106810366734862,41,1.9,97.0,8757.25,209.674,138200891644.0
9638234.474202445,10.609029347077012,44,2.0,97.0,8757.25,207.346,138200991293.0
9638234.976355864,11.1111827660352,46,1.9,99.0,8757.25,204.308,138201088901.0
9638235.479373818,11.614200720563531,48,2.9,98.0,8757.25,205.498,138201188865.0
9638235.982535524,12.1173624265939,50,2.1,98.0,8757.25,206.828,138201290352.0
9638236.488933997,12.623760899528861,52,2.0,99.0,8757.25,208.338,138201394866.0
9638236.991002755,13.125829657539725,54,2.0,98.0,8757.25,206.408,138201495384.0
9638237.493117364,13.627944266423583,56,2.0,97.0,8757.25,208.463,138201596293.0
9638237.995484857,14.130311759188771,58,2.0,97.0,8757.25,212.22,138201699396.0
9638238.497728696,14.632555598393083,60,2.0,98.0,8757.25,212.499,138201801748.0
9638238.999947116,15.134774018079042,62,1.9,98.0,8757.25,212.565,138201904658.0
9638239.5153436,15.6501705031842,65,2.0,97.0,8757.25,207.886,138202004534.0
9638240.017449476,16.152276378124952,67,2.0,99.0,8757.25,206.837,138202101882.0
9638240.520600831,16.655427733436227,69,2.0,98.0,8757.25,206.416,138202199270.0
9638241.038789464,17.17361636646092,71,1.9,98.0,8757.25,209.031,138202324011.0
9638241.545780456,17.680607357993722,73,2.0,98.0,8757.25,210.778,138202426595.0
9638242.047848037,18.182674938812852,75,2.0,98.0,8757.25,210.824,138202530284.0
9638242.550005984,18.684832885861397,77,1.9,99.0,8757.25,208.168,138202631221.0
9638243.052208874,19.187035776674747,79,2.0,98.0,8757.25,208.509,138202734322.0
9638243.554467974,19.689294876530766,81,1.9,99.0,8757.25,207.632,138202834071.0
9638244.056802725,20.19162962771952,84,2.1,98.0,8757.25,205.024,138202933224.0
9638244.558937917,20.69376481883228,86,1.9,98.0,8757.25,206.593,138203031744.0
9638245.065061713,21.199888614937663,88,2.0,98.0,8757.25,206.833,138203136869.0
9638245.58692448,21.72175138257444,90,2.1,98.0,8757.25,208.964,138203241720.0
9638246.095389249,22.230216151103377,92,2.0,99.0,8757.25,207.511,138203342786.0
9638246.597548038,22.73237494006753,94,2.0,98.0,8757.25,209.314,138203442237.0
9638247.104375917,23.239202819764614,96,2.0,98.0,8757.25,210.898,138203544630.0
9638247.606543217,23.741370119154453,98,2.0,98.0,8757.25,210.159,138203647077.0
9638248.108743276,24.243570178747177,100,1.9,98.0,8757.25,211.146,138203752929.0
9638248.611086989,24.745913891121745,103,2.0,99.0,8757.25,210.464,138203853735.0
9638249.113189587,25.24801648966968,105,1.9,98.0,8757.25,209.094,138203953206.0
9638249.615284324,25.75011122599244,107,1.9,99.0,8757.25,206.166,138204049851.0
9638250.136230323,26.271057225763798,109,2.0,98.0,8757.25,208.715,138204175251.0
9638250.643779138,26.778606040403247,111,1.9,98.0,8757.25,211.489,138204278467.0
9638251.146440556,27.281267458572984,113,2.0,97.0,8757.25,210.311,138204380232.0
9638251.648524525,27.783351426944137,115,1.9,98.0,8757.25,212.12,138204485194.0
9638252.150633853,28.285460755228996,117,2.0,98.0,8757.25,212.241,138204586436.0
9638252.652886823,28.78771372511983,119,2.0,98.0,8757.25,208.867,138204687676.0
9638253.15504906,29.289875961840153,121,2.0,99.0,8757.25,210.262,138204789868.0
9638253.662532074,29.79735897667706,124,2.0,98.0,8757.25,207.997,138204890039.0
9638254.165218523,30.300045425072312,126,1.9,98.0,8757.25,206.128,138204992142.0
9638254.66730489,30.802131792530417,128,1.9,99.0,8757.25,208.054,138205094879.0
9638255.174546238,31.309373140335083,130,2.0,98.0,8757.25,210.248,138205201860.0
9638255.681911068,31.81673797033727,132,1.9,99.0,8757.25,209.772,138205306524.0
9638256.184648838,32.31947574019432,134,1.9,98.0,8757.25,210.068,138205410793.0
9638256.686764916,32.8215918187052,136,1.9,97.0,8757.25,212.833,138205511676.0
9638257.188949984,33.32377688586712,138,1.9,98.0,8757.25,213.015,138205611727.0
9638257.691297377,33.8261242788285,140,3.0,98.0,8757.25,211.586,138205714219.0
9638258.19425719,34.329084092751145,142,2.0,99.0,8757.25,212.67,138205818636.0
9638258.701394508,34.83622140996158,145,2.0,98.0,8757.25,210.571,138205920798.0
9638259.203684578,35.3385114800185,147,2.0,99.0,8757.25,208.678,138206021112.0
9638259.705748595,35.840575497597456,149,2.0,98.0,8757.25,206.953,138206120942.0
9638260.207814952,36.34264185465872,151,2.0,99.0,8757.25,206.182,138206219814.0
9638260.709995043,36.8448219448328,153,2.0,99.0,8757.25,207.001,138206319403.0
9638261.213051876,37.34787877835333,155,2.0,98.0,8757.25,208.401,138206422890.0
9638261.719667515,37.854494417086244,157,2.0,98.0,8757.25,210.127,138206527828.0
9638262.221828744,38.35665564611554,159,2.0,98.0,8757.25,208.586,138206632500.0
9638262.724020582,38.85884748399258,161,2.0,99.0,8757.25,212.521,138206737463.0
9638263.226203892,39.36103079468012,163,2.0,97.0,8757.25,212.023,138206838024.0
9638263.728424102,39.86325100436807,165,2.0,98.0,8757.25,211.131,138206958499.0
9638264.230858715,40.36568561755121,167,1.9,98.0,8757.25,206.003,138207060668.0
9638264.761397224,40.89622412621975,170,2.0,98.0,8757.25,206.664,138207162338.0
9638265.26626537,41.401092272251844,172,2.0,99.0,8757.25,210.65,138207267349.0
9638265.76856362,41.903390523046255,174,2.0,98.0,8757.25,210.2,138207369354.0
9638266.2706427,42.40546960197389,176,2.0,99.0,8757.25,208.205,138207470828.0
9638266.777842285,42.912669187411666,178,2.0,97.0,8757.25,209.126,138207574220.0
9638267.281051325,43.41587822698057,180,2.0,99.0,8757.25,208.994,138207674462.0
9638267.783180201,43.91800710372627,182,1.9,98.0,8757.25,211.941,138207778111.0
9638268.28525212,44.42007902264595,184,2.0,98.0,8757.25,212.713,138207878827.0
9638268.787399009,44.922225911170244,186,2.0,99.0,8757.25,213.631,138207982398.0
9638269.289607149,45.424434050917625,188,1.9,97.0,8757.25,211.335,138208086286.0
9638269.800818486,45.9356453884393,191,2.1,98.0,8757.25,212.421,138208190994.0
9638270.3066669,46.441493801772594,193,2.0,98.0,8757.25,209.666,138208290520.0
9638270.808725936,46.943552838638425,195,2.0,99.0,8757.25,206.49,138208388216.0
9638271.311652428,47.44647932983935,197,1.9,98.0,8757.25,206.143,138208485911.0
9638271.829098368,47.96392527036369,199,2.1,98.0,8757.25,210.931,138208611883.0
9638272.336192884,48.47101978585124,201,2.0,98.0,8757.25,214.475,138208717212.0
9638272.839518452,48.97434535436332,203,2.0,98.0,8757.25,213.874,138208819965.0
9638273.341646412,49.47647331468761,205,2.0,98.0,8757.25,210.513,138208922739.0
9638273.84376882,49.97859572246671,207,1.9,98.0,8757.25,210.093,138209024621.0
9638274.34603134,50.48085824213922,209,2.1,97.0,8757.25,210.387,138209126324.0
9638274.848439584,50.98326648585498,211,1.9,98.0,8757.25,211.249,138209229846.0
9638275.35611668,51.490943582728505,214,2.0,99.0,8757.25,209.106,138209331020.0
9638275.858451473,51.99327837489545,216,1.9,97.0,8757.25,207.38,138209432227.0
9638276.360526688,52.49535359069705,218,2.0,98.0,8757.25,207.121,138209534173.0
9638276.862577206,52.99740410782397,220,1.8,99.0,8757.25,207.935,138209636814.0
9638277.364747034,53.49957393668592,222,1.9,98.0,8757.25,209.286,138209738973.0
9638277.866860684,54.001687586307526,224,1.9,99.0,8757.25,208.072,138209839462.0
9638278.37404344,54.50887034274638,226,1.9,98.0,8757.25,209.833,138209944948.0
9638278.877169706,55.01199660822749,228,1.9,99.0,8757.25,211.627,138210048589.0
9638279.379276084,55.514102986082435,230,2.1,98.0,8757.25,212.177,138210149911.0
9638279.881379372,56.016206273809075,232,2.8,98.0,8757.25,210.254,138210251355.0
9638280.383708755,56.51853565685451,234,2.0,97.0,8757.25,211.342,138210352172.0
9638280.886095917,57.020922819152474,236,2.0,98.0,8757.25,212.128,138210454219.0
9638281.393336844,57.528163745999336,238,2.1,98.0,8757.25,212.017,138210560335.0
9638281.906818772,58.04164567403495,241,2.0,98.0,8757.25,209.694,138210663161.0
9638282.413515631,58.548342533409595,243,2.0,98.0,8757.25,210.844,138210769205.0
9638282.916130777,59.050957679748535,245,1.9,98.0,8757.25,211.095,138210871600.0
9638283.419123363,59.553950265049934,247,2.1,99.0,8757.25,207.614,138210971652.0
9638283.934537115,60.069364016875625,249,1.9,98.0,8757.25,209.924,138211095586.0
9638284.443677876,60.57850477844477,251,2.0,98.0,8757.25,211.299,138211197130.0
9638284.945806043,61.080632945522666,253,2.0,98.0,8757.25,212.612,138211298697.0
9638285.452510752,61.58733765408397,255,2.0,98.0,8757.25,211.555,138211401536.0
9638285.954901315,62.089728217571974,257,2.0,99.0,8757.25,212.289,138211506751.0
9638286.457029564,62.59185646660626,259,1.9,98.0,8757.25,212.36,138211609629.0
9638286.959283076,63.09410997852683,261,2.0,99.0,8757.25,210.909,138211714556.0
9638287.461526627,63.596353529021144,263,1.9,98.0,8757.25,210.905,138211815939.0
9638287.964784024,64.09961092658341,265,2.0,99.0,8757.25,208.988,138211917659.0
9638288.484301187,64.61912808939815,268,1.9,97.0,8757.25,208.275,138212018558.0
9638288.991350984,65.12617788650095,270,1.9,99.0,8757.25,208.13,138212120946.0
9638289.49342228,65.62824918143451,272,1.9,98.0,8757.25,208.09,138212222864.0
9638289.996579096,66.13140599802136,274,1.9,97.0,8757.25,206.25,138212323695.0
9638290.512701552,66.64752845466137,276,2.0,99.0,8757.25,213.294,138212432939.0
9638291.0200119,67.15483880229294,278,2.0,98.0,8757.25,211.366,138212555858.0
9638291.52227204,67.65709894150496,280,2.0,98.0,8757.25,212.249,138212662748.0
9638292.024273418,68.15910032019019,282,2.0,97.0,8757.25,212.58,138212768948.0
9638292.530327836,68.6651547383517,284,2.0,99.0,8757.25,212.413,138212872925.0
9638293.032365711,69.16719261370599,286,2.0,98.0,8757.25,210.357,138212975823.0
9638293.5345586,69.66938550211489,288,1.9,99.0,8757.25,209.524,138213079256.0
9638294.03669162,70.1715185213834,290,2.0,97.0,8757.25,208.233,138213179574.0
9638294.539971968,70.6747988704592,293,1.9,99.0,8757.25,205.756,138213278563.0
9638295.04282856,71.17765546217561,295,2.1,99.0,8757.25,208.702,138213380357.0
9638295.549172292,71.68399919383228,297,2.0,98.0,8757.25,209.845,138213483844.0
9638296.05184723,72.18667413294315,299,2.0,99.0,8757.25,208.575,138213587223.0
9638296.55402758,72.68885448202491,301,2.0,98.0,8757.25,208.702,138213690144.0
9638297.056162989,73.19098989106715,303,2.0,99.0,8757.25,208.2,138213792722.0
9638297.558259197,73.69308609887958,305,2.0,98.0,8757.25,209.022,138213894347.0
9638298.060347764,74.1951746661216,307,1.9,99.0,8757.25,210.453,138213995603.0
9638298.562454252,74.69728115387261,309,1.9,98.0,8757.25,211.531,138214094943.0
9638299.068619631,75.20344653353095,311,1.9,98.0,8757.25,212.275,138214199297.0
9638299.570696399,75.70552330091596,313,1.9,97.0,8757.25,212.468,138214300868.0
9638300.073759224,76.20858612656593,315,1.9,98.0,8757.25,211.607,138214402748.0
9638300.589709064,76.72453596629202,317,1.9,99.0,8757.25,212.739,138214508055.0
9638301.091852484,77.22667938657105,319,1.9,98.0,8757.25,212.637,138214611682.0
9638301.594127184,77.7289540860802,322,2.1,98.0,8757.25,214.89,138214716819.0
9638302.096269052,78.23109595477581,324,2.7,98.0,8757.25,211.874,138214816797.0
9638302.59828362,78.73311052285135,326,1.9,99.0,8757.25,210.375,138214916118.0
9638303.100358196,79.23518509790301,328,2.0,98.0,8757.25,208.407,138215014528.0
9638303.606956504,79.74178340658545,330,2.0,99.0,8757.25,207.504,138215116636.0
9638304.109184284,80.24401118606329,332,2.0,98.0,8757.25,207.225,138215217788.0
9638304.611288153,80.74611505493522,334,2.0,98.0,8757.25,207.264,138215320386.0
9638305.113382408,81.24820931069553,336,2.0,99.0,8757.25,208.041,138215423042.0
9638305.615501337,81.75032823905349,338,2.0,98.0,8757.25,208.947,138215548268.0
9638306.117760237,82.25258713960648,340,1.9,99.0,8757.25,213.221,138215652934.0
9638306.619763384,82.75459028594196,342,2.0,98.0,8757.25,212.727,138215758538.0
9638307.125641448,83.26046835072339,344,2.0,99.0,8757.25,211.357,138215861961.0
9638307.62846142,83.76328832283616,346,1.9,97.0,8757.25,210.083,138215965449.0
9638308.147956664,84.28278356604278,348,2.0,98.0,8757.25,211.706,138216071225.0
9638308.650082942,84.7849098443985,350,1.9,98.0,8757.25,211.54,138216173855.0
9638309.152346361,85.28717326372862,353,2.0,99.0,8757.25,210.501,138216277387.0
9638309.65437516,85.7892020624131,355,1.9,98.0,8757.25,209.485,138216376529.0
9638310.156403244,86.29123014584184,357,2.0,98.0,8757.25,207.589,138216476071.0
9638310.658425732,86.79325263388455,359,1.9,99.0,8757.25,207.339,138216576482.0
9638311.164724784,87.29955168627203,361,2.0,98.0,8757.25,208.211,138216681047.0
9638311.666876372,87.80170327425003,363,2.0,99.0,8757.25,208.777,138216784027.0
9638312.16894318,88.30377008207142,365,1.9,98.0,8757.25,209.336,138216887683.0
9638312.671046987,88.80587388947606,367,2.0,99.0,8757.25,209.367,138216990774.0
9638313.173204996,89.3080318979919,369,1.9,98.0,8757.25,209.986,138217093746.0
9638313.675297884,89.81012478657067,371,2.0,99.0,8757.25,210.633,138217194760.0
9638314.177339932,90.31216683425009,373,2.0,98.0,8757.25,212.01,138217295049.0
9638314.68352328,90.81835018284619,375,1.9,98.0,8757.25,212.866,138217398863.0
9638315.18564591,91.32047281228006,377,2.0,98.0,8757.25,212.431,138217501734.0
9638315.705075132,91.83990203402936,379,2.0,98.0,8757.25,212.12,138217604029.0
9638316.207277322,92.34210422448814,381,2.0,98.0,8757.25,211.421,138217706010.0
9638316.709455432,92.84428233467042,384,2.0,98.0,8757.25,213.044,138217810953.0
9638317.212625338,93.34745224006474,386,2.0,99.0,8757.25,213.05,138217930825.0
9638317.71554881,93.85037571191788,388,2.0,98.0,8757.25,211.149,138218039025.0
9638318.222822567,94.35764946974814,390,2.0,98.0,8757.25,210.345,138218142448.0
9638318.725008829,94.8598357308656,392,2.0,98.0,8757.25,208.378,138218246090.0
9638319.227189489,95.36201639100909,394,1.9,99.0,8757.25,209.56,138218348868.0
9638319.729250103,95.86407700553536,396,2.0,98.0,8757.25,209.736,138218450055.0
9638320.231321381,96.36614828370512,398,1.9,99.0,8757.25,210.831,138218550895.0
9638320.7333983,96.86822520196438,400,2.0,98.0,8757.25,211.296,138218652024.0
9638321.235497516,97.37032441794872,402,1.9,97.0,8757.25,211.928,138218753004.0
9638321.741350021,97.87617692351341,404,1.9,98.0,8757.25,212.083,138218856105.0
9638322.243815046,98.3786419481039,406,1.9,98.0,8757.25,212.944,138218958642.0
9638322.745939944,98.88076684623957,408,1.9,99.0,8757.25,212.704,138219062046.0
9638323.248048672,99.38287557475269,410,1.9,98.0,8757.25,212.526,138219165977.0
9638323.75020974,99.88503664173186,412,2.1,99.0,8757.25,212.054,138219270269.0
9638324.252486922,100.38731382414699,414,2.8,97.0,8757.25,213.891,138219375160.0
9638324.754708031,100.88953493349254,417,2.0,99.0,8757.25,211.582,138219476283.0
9638325.260653438,101.3954803403467,419,2.1,98.0,8757.25,209.618,138219579424.0
9638325.763078472,101.89790537394583,421,2.0,99.0,8757.25,208.689,138219679969.0
9638326.265134728,102.39996162988245,423,2.0,99.0,8757.25,207.241,138219781864.0
9638326.767169883,102.90199678577483,425,2.0,98.0,8757.25,208.394,138219884725.0
9638327.269303015,103.40412991680205,427,2.0,98.0,8757.25,209.595,138219987949.0
9638327.77138246,103.90620936267078,429,2.0,98.0,8757.25,210.591,138220090314.0
9638328.2734628,104.40828970260918,431,2.0,99.0,8757.25,209.07,138220190710.0
9638328.779013678,104.91384058073163,433,2.0,98.0,8757.25,209.311,138220296004.0
9638329.281580584,105.41640748642385,435,2.2,99.0,8757.25,210.735,138220400817.0
9638329.783727532,105.91855443455279,437,1.9,98.0,8757.25,213.442,138220502928.0
9638330.285781428,106.42060833051801,439,2.0,98.0,8757.25,211.592,138220604796.0
9638330.78797362,106.92280052229762,441,1.9,98.0,8757.25,213.762,138220706867.0
9638331.290139109,107.42496601119637,443,2.0,98.0,8757.25,212.347,138220809148.0
9638331.792279268,107.92710616998374,445,2.0,99.0,8757.25,212.47,138220913325.0
9638332.298829973,108.43365687504411,448,2.0,98.0,8757.25,212.665,138221018966.0
9638332.800953532,108.93578043393791,450,1.9,99.0,8757.25,212.448,138221122691.0
9638333.302978478,109.43780538067222,452,1.9,98.0,8757.25,209.529,138221223570.0
9638333.80593216,109.94075906276703,454,2.0,99.0,8757.25,210.504,138221327122.0
9638334.319897307,110.45472420938313,456,2.0,98.0,8757.25,211.954,138221450508.0
9638334.827637654,110.96246455609798,458,2.0,99.0,8757.25,210.085,138221550872.0
9638335.3297235,111.46455040201545,460,2.0,98.0,8757.25,211.542,138221651471.0
9638335.836867107,111.97169400937855,462,2.0,98.0,8757.25,211.423,138221755270.0
9638336.339630239,112.47445714101195,464,1.9,98.0,8757.25,212.268,138221858201.0
9638336.841776596,112.97660349868238,466,2.0,98.0,8757.25,212.899,138221960933.0
9638337.343923016,113.4787499178201,468,2.0,98.0,8757.25,212.502,138222064736.0
9638337.846066624,113.98089352622628,470,1.9,98.0,8757.25,212.669,138222169208.0
9638338.34922669,114.48405359312892,472,2.0,98.0,8757.25,214.783,138222274669.0
9638338.870013747,115.0048406496644,475,2.0,98.0,8757.25,211.848,138222377272.0
9638339.37581754,115.5106444414705,477,2.1,99.0,8757.25,209.473,138222480715.0
9638339.878232373,116.0130592752248,479,2.0,98.0,8757.25,210.08,138222581786.0
9638340.38142077,116.51624767296016,481,2.0,99.0,8757.25,207.36,138222682818.0
9638340.896873072,117.03169997408986,483,2.0,99.0,8757.25,210.097,138222787628.0
9638341.40568654,117.54051344282925,485,1.9,98.0,8757.25,212.497,138222910304.0
9638341.907656925,118.0424838270992,487,2.0,99.0,8757.25,212.682,138223014968.0
9638342.415450793,118.55027769505978,489,1.9,98.0,8757.25,213.661,138223119479.0
9638342.917711264,119.05253816582263,491,2.0,99.0,8757.25,213.099,138223224532.0
9638343.419840941,119.55466784350574,493,1.9,98.0,8757.25,212.462,138223328566.0
9638343.92198796,120.0568148624152,495,1.9,98.0,8757.25,214.454,138223434037.0
9638344.42411038,120.55893728137016,497,1.9,98.0,8757.25,213.201,138223537658.0
9638344.926249096,121.06107599847019,499,1.9,99.0,8757.25,210.026,138223639786.0
9638345.433962693,121.56878959573805,502,1.9,98.0,8757.25,210.389,138223743154.0
9638345.93657666,122.07140356302261,504,2.2,98.0,8757.25,209.203,138223845177.0
9638346.43875107,122.57357797212899,506,2.7,98.0,8757.25,208.84,138223948113.0
9638346.940819217,123.07564611919224,508,2.0,98.0,8757.25,212.186,138224051169.0
9638347.44380975,123.57863665185869,510,2.0,99.0,8757.25,209.877,138224153309.0
9638347.946776055,124.08160295709968,512,2.0,98.0,8757.25,210.554,138224255726.0
9638348.45557466,124.59040156193078,514,2.0,99.0,8757.25,211.357,138224360985.0
9638348.961552866,125.09637976810336,516,2.1,98.0,8757.25,209.679,138224463211.0
9638349.463707054,125.598533956334,518,1.9,99.0,8757.25,213.247,138224567495.0
9638349.965821272,126.10064817406237,520,2.1,98.0,8757.25,213.063,138224667016.0
9638350.472553931,126.60738083347678,522,1.9,98.0,8757.25,214.049,138224772308.0
9638350.974954164,127.10978106595576,524,2.0,98.0,8757.25,214.362,138224874940.0
9638351.477106923,127.61193382553756,526,2.0,98.0,8757.25,211.878,138224977887.0
9638351.979329064,128.11415596678853,528,2.0,99.0,8757.25,211.6,138225081318.0
9638352.482400848,128.61722774989903,530,1.9,98.0,8757.25,211.31,138225184604.0
9638352.985736867,129.12056376971304,533,1.9,99.0,8757.25,211.261,138225286882.0
9638353.493954044,129.62878094613552,535,2.0,98.0,8757.25,211.402,138225389504.0
9638354.00106611,130.13589301146567,537,1.9,98.0,8757.25,209.904,138225511239.0
9638354.503597556,130.63842445798218,539,2.0,98.0,8757.25,210.103,138225617816.0
9638355.0339593,131.16878620162606,541,2.0,99.0,8757.25,210.896,138225721328.0
9638355.541033136,131.67586003802717,543,2.0,98.0,8757.25,211.799,138225825883.0
9638356.043111162,132.1779380645603,545,1.9,98.0,8757.25,213.501,138225924459.0
9638356.550218688,132.6850455906242,547,2.0,98.0,8757.25,214.282,138226029577.0
9638357.052297516,133.18712441809475,549,1.9,98.0,8757.25,217.175,138226135549.0
9638357.554354824,133.6891817264259,551,1.9,99.0,8757.25,215.137,138226238242.0
9638358.056535812,134.19136271439493,553,2.0,98.0,8757.25,212.526,138226343841.0
9638358.558689533,134.69351643510163,555,1.9,99.0,8757.25,212.578,138226447317.0
9638359.061747696,135.1965745985508,557,2.0,98.0,8757.25,211.209,138226548918.0
9638359.582196517,135.71702341921628,560,1.9,98.0,8757.25,210.598,138226650705.0
9638360.089274691,136.22410159371793,562,2.0,98.0,8757.25,210.456,138226755466.0
9638360.591779388,136.72660629078746,564,1.9,99.0,8757.25,209.642,138226857569.0
9638361.094860682,137.2296875845641,566,2.0,98.0,8757.25,209.239,138226959299.0
9638361.611620989,137.74644789099693,568,2.0,99.0,8757.25,212.749,138227084489.0
9638362.119296044,138.25412294641137,570,2.0,97.0,8757.25,213.08,138227186725.0
9638362.621448204,138.75627510622144,572,2.0,98.0,8757.25,213.155,138227287438.0
9638363.128516639,139.2633435409516,574,2.0,98.0,8757.25,212.003,138227391255.0
9638363.630670507,139.76549740880728,576,2.0,98.0,8757.25,214.233,138227497198.0
9638364.132789075,140.26761597767472,578,2.0,99.0,8757.25,214.09,138227600587.0
9638364.634918012,140.76974491402507,580,2.0,98.0,8757.25,212.551,138227707085.0
9638365.137133451,141.2719603534788,582,2.0,98.0,8757.25,213.519,138227809596.0
9638365.64026502,141.77509192191064,584,1.9,98.0,8757.25,210.302,138227911728.0
9638366.160547428,142.2953743301332,587,1.9,99.0,8757.25,209.134,138228013958.0
9638366.6675195,142.80234640277922,589,1.9,98.0,8757.25,208.577,138228115958.0
9638367.169840923,143.3046678248793,591,1.9,99.0,8757.25,208.281,138228217317.0
9638367.672842486,143.8076693881303,593,1.9,98.0,8757.25,207.776,138228318508.0
9638368.1883907,144.32321760244668,595,2.8,98.0,8757.25,210.298,138228423173.0
9638368.697302477,144.8321293797344,597,2.0,98.0,8757.25,212.215,138228545800.0
9638369.199324224,145.33415112644434,599,2.0,98.0,8757.25,212.418,138228650683.0
9638369.706545925,145.84137282706797,601,2.0,98.0,8757.25,212.886,138228754255.0
9638370.209631247,146.34445814974606,603,1.9,98.0,8757.25,212.845,138228859307.0
9638370.711770369,146.84659727104008,605,2.1,99.0,8757.25,212.754,138228963494.0
9638371.213845065,147.34867196716368,607,1.9,98.0,8757.25,212.377,138229065761.0
9638371.716140945,147.85096784681082,609,2.0,98.0,8757.25,212.46,138229168724.0
9638372.219275871,148.35410277359188,611,1.9,98.0,8757.25,211.151,138229269826.0
9638372.738615202,148.87344210408628,614,2.0,99.0,8757.25,207.863,138229371498.0
9638373.245704949,149.38053185120225,616,1.9,98.0,8757.25,207.187,138229473644.0
9638373.7485583,149.8833852019161,618,2.0,99.0,8757.25,206.566,138229576185.0
9638374.251588024,150.38641492649913,620,1.9,99.0,8757.25,210.047,138229677268.0
9638374.766494475,150.9013213776052,622,1.9,98.0,8757.25,209.73,138229780997.0
9638375.274452396,151.4092792980373,624,2.0,99.0,8757.25,209.687,138229885110.0
9638375.776532924,151.91135982610285,626,1.9,98.0,8757.25,210.87,138229987345.0
9638376.278620232,152.41344713419676,628,2.0,98.0,8757.25,208.245,138230088979.0
9638376.784311252,152.91913815401495,630,2.0,98.0,8757.25,208.733,138230194161.0
9638377.286710646,153.4215375483036,632,1.9,99.0,8757.25,210.37,138230298507.0
9638377.788834555,153.9236614573747,634,2.0,98.0,8757.25,210.897,138230398787.0
9638378.290902723,154.42572962492704,636,1.8,99.0,8757.25,211.165,138230500137.0
9638378.793057172,154.927884073928,638,1.7,98.0,8757.25,212.356,138230623958.0
9638379.295520565,155.43034746684134,640,1.6,98.0,8757.25,209.489,138230727821.0
9638379.797558451,155.9323853533715,642,1.7,98.0,8757.25,209.077,138230831501.0
9638380.303697713,156.43852461501956,645,1.6,99.0,8757.25,208.767,138230934606.0
9638380.806705624,156.94153252616525,647,1.7,99.0,8757.25,209.117,138231038546.0
9638381.308725713,157.443552615121,649,1.6,98.0,8757.25,210.169,138231141413.0
9638381.810771868,157.94559876993299,651,1.1,99.0,8757.25,210.608,138231244156.0
9638382.312885366,158.44771226868033,653,1.6,98.0,8757.25,210.853,138231346271.0
9638382.816527072,158.95135397464037,655,1.2,99.0,8757.25,214.459,138231454787.0
9638383.322260872,159.4570877738297,657,1.4,98.0,8757.25,213.157,138231558123.0
9638383.82432591,159.9591528121382,659,1.2,99.0,8757.25,211.833,138231661725.0
9638384.326370876,160.46119777858257,661,1.7,97.0,8757.25,213.003,138231764241.0
9638384.828455657,160.963282559067,663,2.5,98.0,8757.25,211.787,138231866396.0
9638385.330581063,161.4654079657048,665,1.8,98.0,8757.25,213.043,138231967771.0
9638385.83268104,161.96750794164836,667,1.6,98.0,8757.25,212.096,138232067993.0
9638386.33479224,162.4696191418916,669,1.6,99.0,8757.25,211.767,138232169317.0
9638386.841164682,162.9759915843606,671,1.6,98.0,8757.25,211.142,138232274532.0
9638387.344662303,163.47948920540512,673,1.6,99.0,8757.25,210.892,138232379807.0
9638387.846853293,163.9816801957786,675,1.4,98.0,8757.25,210.872,138232482416.0
9638388.349176627,164.4840035289526,677,1.3,99.0,8757.25,210.92,138232584374.0
9638388.851506919,164.98633382096887,680,1.5,98.0,8757.25,210.419,138232685796.0
9638389.353624946,165.48845184780657,682,1.6,99.0,8757.25,209.712,138232786371.0
9638389.860252634,165.99507953599095,684,1.6,98.0,8757.25,209.25,138232888981.0
9638390.36286703,166.4976939316839,686,2.6,99.0,8757.25,208.685,138232990350.0
9638390.864918198,166.99974510073662,688,1.7,98.0,8757.25,208.298,138233091258.0
9638391.366960194,167.50178709626198,690,1.7,98.0,8757.25,207.818,138233193092.0
9638391.869060423,168.00388732552528,692,1.7,99.0,8757.25,207.605,138233295291.0
9638392.371250631,168.5060775335878,694,1.6,98.0,8757.25,208.122,138233397703.0
9638392.87335547,169.00818237289786,696,1.8,98.0,8757.25,208.608,138233498175.0
9638393.379263364,169.5140902660787,698,1.6,98.0,8757.25,208.971,138233602057.0
9638393.881997973,170.01682487502694,700,1.7,98.0,8757.25,209.347,138233705452.0
9638394.384051772,170.5188786741346,702,1.7,98.0,8757.25,208.991,138233808861.0
9638394.886127578,171.02095448039472,704,1.7,99.0,8757.25,210.306,138233911375.0
9638395.388248907,171.52307580970228,706,1.7,98.0,8757.25,211.233,138234034218.0
9638395.890831225,172.02565812692046,708,1.6,99.0,8757.25,210.965,138234138543.0
9638396.398756351,172.53358325362206,710,1.7,98.0,8757.25,210.45,138234243181.0
9638396.9013956,173.03622250258923,712,1.6,99.0,8757.25,209.617,138234346832.0
9638397.40356749,173.5383943915367,714,1.7,98.0,8757.25,208.903,138234448731.0
9638397.906845758,174.04167266003788,716,1.6,99.0,8757.25,208.358,138234549629.0
9638398.421464896,174.55629179812968,719,1.7,97.0,8757.25,207.907,138234650058.0
9638398.92675883,175.06158573180437,721,1.6,98.0,8757.25,209.868,138234752327.0
9638399.428834958,175.5636618603021,723,1.7,99.0,8757.25,207.783,138234851041.0
9638399.931953004,176.06677990593016,725,1.8,98.0,8757.25,208.25,138234951694.0
9638400.450098675,176.5849255770445,727,1.6,99.0,8757.25,208.37,138235054623.0
9638400.956848554,177.0916754566133,729,1.6,98.0,8757.25,208.91,138235159142.0
9638401.45948246,177.59430936165154,731,1.0,98.0,8757.25,208.295,138235263208.0
9638401.961584529,178.09641143120825,733,1.1,98.0,8757.25,208.893,138235367523.0
9638402.463724956,178.59855185821652,735,1.1,99.0,8757.25,210.399,138235471315.0
9638402.965911169,179.1007380709052,737,1.1,98.0,8757.25,210.362,138235570162.0
9638403.468062105,179.6028890069574,739,1.0,99.0,8757.25,210.544,138235670082.0
9638403.970197745,180.10502464696765,741,1.0,98.0,8757.25,211.633,138235770231.0
9638404.475888724,180.61071562580764,743,1.1,97.0,8757.25,211.553,138235873663.0
9638404.978730395,181.1135572977364,745,1.0,98.0,8757.25,212.218,138235976723.0
9638405.480971806,181.61579870805144,747,1.3,98.0,8757.25,212.47,138236078938.0
9638405.983255716,182.11808261834085,749,1.0,99.0,8757.25,212.396,138236182369.0
9638406.4856322,182.62045910209417,752,1.1,98.0,8757.25,207.925,138236303380.0
9638406.987660237,183.12248713895679,754,1.1,99.0,8757.25,208.535,138236409230.0
9638407.49458272,183.629409622401,756,1.1,98.0,8757.25,209.256,138236512585.0
9638407.997463252,184.1322901546955,758,1.1,99.0,8757.25,209.69,138236616086.0
9638408.49961667,184.63444357179105,760,1.7,98.0,8757.25,210.228,138236719294.0
9638409.00181608,185.13664298318326,762,2.4,99.0,8757.25,209.339,138236822083.0
9638409.503991168,185.63881807029247,764,1.4,98.0,8757.25,210.666,138236924241.0
9638410.006159298,186.14098620042205,766,1.3,99.0,8757.25,210.725,138237024680.0
9638410.513173122,186.6480000242591,768,1.0,97.0,8757.25,211.885,138237128103.0
9638411.016377388,187.15120428986847,770,1.1,98.0,8757.25,211.959,138237231526.0
9638411.518450169,187.65327707119286,772,1.0,98.0,8757.25,212.606,138237334816.0
9638412.020594403,188.15542130544782,774,1.1,98.0,8757.25,212.758,138237436722.0
9638412.522728493,188.6575553957373,776,1.4,98.0,8757.25,213.392,138237537762.0
9638413.024906443,189.1597333457321,778,1.4,98.0,8757.25,212.483,138237638331.0
9638413.527185854,189.66201275587082,780,1.3,98.0,8757.25,212.061,138237739307.0
9638414.033332884,190.1681597866118,782,1.3,98.0,8757.25,211.6,138237844230.0
9638414.536154505,190.67098140716553,784,1.4,99.0,8757.25,211.593,138237948641.0
9638415.038369903,191.17319680564106,786,1.4,98.0,8757.25,211.548,138238051327.0
9638415.541754434,191.67658133618534,789,1.4,98.0,8757.25,210.898,138238153468.0
9638416.053801157,192.18862805888057,791,1.4,98.0,8757.25,210.421,138238256292.0
9638416.562265769,192.6970926709473,793,1.4,99.0,8757.25,209.877,138238357269.0
9638417.064404683,193.19923158548772,795,2.2,98.0,8757.25,209.337,138238456889.0
9638417.594848191,193.72967509366572,797,1.5,99.0,8757.25,210.63,138238580322.0
9638418.102890294,194.23771719634533,799,1.6,98.0,8757.25,210.725,138238681018.0
9638418.605000243,194.73982714489102,801,1.4,98.0,8757.25,211.834,138238781490.0
9638419.111210402,195.2460373044014,803,1.4,98.0,8757.25,212.116,138238885302.0
9638419.61386817,195.74869507178664,805,1.5,98.0,8757.25,212.784,138238988047.0
9638420.11604402,196.25087092258036,807,1.4,98.0,8757.25,212.239,138239089774.0
9638420.618207738,196.75303464010358,809,1.4,98.0,8757.25,211.833,138239192529.0
9638421.120443137,197.25527003966272,811,1.4,99.0,8757.25,211.119,138239294568.0
9638421.623124788,197.75795168988407,813,1.4,98.0,8757.25,211.69,138239398684.0
9638422.13060328,198.26543018221855,815,1.4,99.0,8757.25,211.894,138239502388.0
9638422.633634884,198.76846178621054,817,1.5,98.0,8757.25,211.861,138239605299.0
9638423.135926824,199.27075372636318,819,1.6,98.0,8757.25,210.397,138239707253.0
9638423.638188943,199.773015845567,822,1.5,98.0,8757.25,209.797,138239809409.0
9638424.140270524,200.27509742602706,824,2.0,99.0,8757.25,209.601,138239909122.0
9638424.64235172,200.77717862278223,826,2.1,98.0,8757.25,209.03,138240007335.0
9638425.149350815,201.28417771682143,828,2.1,99.0,8757.25,208.537,138240109569.0
9638425.651479892,201.7863067947328,830,1.8,98.0,8757.25,208.055,138240212580.0
9638426.15362562,202.28845252282917,832,1.8,98.0,8757.25,207.932,138240315670.0
9638426.65571987,202.79054677300155,834,2.0,99.0,8757.25,208.392,138240419325.0
9638427.157832528,203.2926594298333,836,1.9,98.0,8757.25,208.862,138240521044.0
9638427.659971036,203.79479793831706,838,1.7,99.0,8757.25,209.026,138240622722.0
9638428.162180927,204.29700782895088,840,1.6,98.0,8757.25,209.539,138240724397.0
9638428.668265853,204.8030927553773,842,1.8,99.0,8757.25,209.935,138240829818.0
9638429.170955002,205.305781904608,844,1.8,98.0,8757.25,210.765,138240933449.0
9638429.673137013,205.80796391516924,846,1.6,99.0,8757.25,210.668,138241035437.0
9638430.175336,206.31016290187836,848,1.8,98.0,8757.25,211.673,138241137097.0
9638430.677545432,206.81237233430147,850,1.9,99.0,8757.25,210.768,138241260935.0
9638431.180037256,207.31486415863037,852,1.9,98.0,8757.25,209.85,138241365935.0
9638431.687372025,207.8221989274025,854,1.9,99.0,8757.25,209.207,138241469256.0
9638432.1904125,208.32523940317333,856,1.9,98.0,8757.25,208.654,138241571293.0
9638432.709178992,208.8440058939159,859,2.0,99.0,8757.25,207.959,138241672615.0
9638433.216076354,209.35090325586498,861,1.9,99.0,8757.25,209.503,138241774609.0
9638433.71819766,209.8530245628208,863,1.9,98.0,8757.25,207.392,138241873466.0
9638434.221257146,210.35608404874802,865,1.9,99.0,8757.25,207.971,138241974090.0
9638434.73900993,210.87383683212101,867,1.9,98.0,8757.25,208.404,138242077441.0
9638435.246082025,211.3809089269489,869,2.1,98.0,8757.25,209.146,138242181899.0
9638435.748723453,211.8835503552109,871,1.9,98.0,8757.25,209.043,138242287040.0
9638436.25086356,212.3856904618442,873,1.8,99.0,8757.25,209.63,138242391286.0
9638436.75301892,212.88784582167864,875,1.8,98.0,8757.25,210.321,138242495199.0
9638437.25519954,213.39002644270658,877,1.9,99.0,8757.25,210.492,138242594002.0
9638437.757292885,213.89211978763342,879,1.9,98.0,8757.25,210.716,138242694265.0
9638438.259424556,214.39425145834684,881,2.6,98.0,8757.25,212.094,138242794984.0
9638438.765386332,214.90021323412657,883,2.0,98.0,8757.25,212.08,138242898613.0
9638439.26815835,215.40298525243998,885,1.9,98.0,8757.25,213.154,138243001744.0
9638439.77033234,215.9051592424512,887,1.9,98.0,8757.25,212.235,138243103653.0
9638440.27252774,216.40735464170575,889,2.1,98.0,8757.25,212.007,138243206697.0
9638440.774857111,216.90968401357532,892,2.0,99.0,8757.25,207.459,138243327332.0
9638441.27704302,217.41186992265284,894,2.0,98.0,8757.25,208.813,138243434189.0
9638441.784713415,217.91954031772912,896,1.9,99.0,8757.25,209.594,138243537473.0
9638442.28709971,218.42192661203444,898,2.0,97.0,8757.25,209.142,138243640230.0
9638442.789204435,218.92403133772314,900,2.0,97.0,8757.25,209.409,138243743312.0
9638443.291292284,219.42611918598413,902,1.9,98.0,8757.25,209.778,138243846713.0
9638443.793379184,219.92820608615875,904,2.0,99.0,8757.25,210.719,138243948817.0
9638444.295530561,220.43035746365786,906,1.9,98.0,8757.25,210.957,138244050204.0
9638444.79760208,220.93242898210883,908,2.0,99.0,8757.25,211.793,138244150466.0
9638445.303464612,221.43829151429236,910,2.0,98.0,8757.25,212.096,138244254330.0
9638445.8060621,221.94088900275528,912,1.9,98.0,8757.25,212.598,138244357590.0
9638446.308163788,222.44299069046974,914,1.9,98.0,8757.25,212.806,138244460477.0
9638446.810253045,222.94507994689047,916,2.0,98.0,8757.25,213.01,138244561593.0
9638447.312350044,223.4471769463271,918,2.0,98.0,8757.25,212.641,138244663206.0
9638447.814467892,223.94929479435086,920,2.0,98.0,8757.25,212.283,138244764571.0
9638448.32176704,224.45659394189715,922,2.0,99.0,8757.25,212.08,138244870274.0
9638448.824983938,224.95981083996594,924,1.9,98.0,8757.25,211.74,138244974229.0
9638449.327148495,225.46197539754212,926,2.0,99.0,8757.25,211.225,138245077564.0
9638449.830343954,225.96517085656524,928,2.0,98.0,8757.25,211.049,138245180152.0
9638450.343942216,226.4787691179663,931,2.1,98.0,8757.25,210.791,138245282953.0
9638450.852336964,226.98716386593878,933,1.9,98.0,8757.25,210.241,138245383934.0
9638451.35440581,227.48923271149397,935,2.3,99.0,8757.25,209.962,138245483842.0
9638451.883230008,228.01805691048503,937,2.0,98.0,8757.25,211.343,138245608458.0
9638452.3911701,228.52599700167775,939,2.2,99.0,8757.25,211.262,138245709804.0
9638452.893232986,229.0280598886311,941,2.0,98.0,8757.25,213.336,138245811351.0
9638453.40023272,229.5350596215576,943,2.3,98.0,8757.25,212.359,138245915105.0
9638453.903383465,230.0382103677839,945,2.3,98.0,8757.25,214.116,138246018712.0
9638454.405590625,230.54041752777994,947,2.0,98.0,8757.25,212.659,138246120349.0
9638454.907717744,231.04254464618862,949,2.1,98.0,8757.25,212.9,138246223136.0
9638455.409835504,231.54466240666807,951,2.0,98.0,8757.25,211.581,138246325636.0
9638455.911973132,232.04680003412068,953,2.0,99.0,8757.25,212.003,138246429190.0
9638456.414061109,232.5488880109042,955,1.9,98.0,8757.25,211.236,138246531096.0
9638456.920480544,233.05530744604766,957,2.0,99.0,8757.25,211.351,138246634785.0
9638457.422924807,233.55775170959532,959,1.9,98.0,8757.25,210.825,138246737701.0
9638457.925189087,234.0600159894675,962,1.9,99.0,8757.25,211.012,138246841055.0
9638458.427423548,234.5622504502535,964,1.8,98.0,8757.25,210.309,138246941440.0
9638458.929556675,235.06438357755542,966,1.7,99.0,8757.25,209.081,138247040249.0
9638459.431642365,235.5664692670107,968,1.8,98.0,8757.25,208.606,138247138946.0
9638459.93873632,236.07356322184205,970,1.9,99.0,8757.25,208.086,138247242560.0
9638460.440862939,236.57568984106183,972,2.9,99.0,8757.25,207.825,138247346000.0
9638460.942982126,237.07780902832747,974,1.9,98.0,8757.25,208.511,138247450401.0
9638461.445095925,237.57992282696068,976,2.0,99.0,8757.25,209.164,138247552434.0
9638461.947187832,238.08201473392546,978,1.9,98.0,8757.25,209.232,138247654461.0
9638462.4492748,238.58410170301795,980,2.0,98.0,8757.25,209.423,138247756434.0
9638462.951368468,239.0861953701824,982,2.0,98.0,8757.25,209.586,138247858405.0
9638463.457901713,239.59272861480713,984,2.0,99.0,8757.25,210.546,138247962588.0
9638463.960055424,240.0948823262006,986,2.0,98.0,8757.25,210.939,138248065720.0
9638464.46221612,240.5970430225134,988,2.0,99.0,8757.25,211.713,138248167750.0
9638464.964287508,241.0991144105792,990,2.0,98.0,8757.25,212.185,138248270079.0
9638465.466420775,241.60124767757952,992,2.0,98.0,8757.25,212.538,138248394324.0
9638465.969002973,242.10382987558842,994,2.0,98.0,8757.25,209.558,138248498745.0
9638466.476429164,242.61125606670976,996,1.9,99.0,8757.25,209.394,138248601476.0
9638467.0000301,243.13485700264573,999,2.0,98.0,8757.25,208.133,138248702583.0
9638467.506444216,243.64127111807466,1001,1.9,98.0,8757.25,209.497,138248804981.0
9638468.008492352,244.14331925474107,1003,2.0,99.0,8757.25,208.421,138248903952.0
9638468.53791848,244.67274538241327,1005,2.0,98.0,8757.25,208.932,138249007053.0
9638469.045901852,245.18072875402868,1007,2.0,99.0,8757.25,208.823,138249109917.0
9638469.5480143,245.68284120224416,1009,1.9,98.0,8757.25,209.531,138249212112.0
9638470.055045154,246.1898720562458,1011,2.0,98.0,8757.25,208.305,138249316722.0
9638470.55813816,246.69296506233513,1013,1.9,98.0,8757.25,208.628,138249421293.0
9638471.060307989,247.19513489119709,1015,1.9,99.0,8757.25,211.16,138249526677.0
9638471.562429436,247.6972563378513,1017,2.0,98.0,8757.25,211.181,138249626245.0
9638472.064580884,248.1994077861309,1019,2.0,99.0,8757.25,211.159,138249749425.0
9638472.567812635,248.7026395369321,1021,1.9,98.0,8757.25,211.076,138249854717.0
9638473.075030332,249.20985723473132,1023,2.0,99.0,8757.25,210.406,138249957829.0
9638473.578355232,249.7131821345538,1025,2.0,98.0,8757.25,209.773,138250061288.0
9638474.080625271,250.21545217372477,1027,1.9,99.0,8757.25,209.365,138250162689.0
9638474.582715789,250.71754269115627,1030,1.9,98.0,8757.25,208.734,138250265287.0
9638475.084826797,251.21965369954705,1032,2.0,98.0,8757.25,208.306,138250365936.0
9638475.586909436,251.72173633798957,1034,1.9,99.0,8757.25,209.071,138250467557.0
9638476.093741506,252.22856840863824,1036,2.0,98.0,8757.25,209.639,138250570917.0
9638476.595922796,252.7307496983558,1038,2.0,99.0,8757.25,209.421,138250674685.0
9638477.098017223,253.23284412547946,1040,2.0,98.0,8757.25,209.535,138250777946.0
9638477.600149661,253.7349765636027,1042,1.9,98.0,8757.25,210.085,138250882482.0
9638478.10226089,254.2370877917856,1044,2.0,98.0,8757.25,210.743,138250984711.0
9638478.604300149,254.73912705108523,1046,1.9,99.0,8757.25,211.267,138251086867.0
9638479.106360905,255.24118780717254,1048,1.9,98.0,8757.25,212.06,138251187069.0
9638479.61289248,255.74771938286722,1050,1.9,99.0,8757.25,212.149,138251290902.0
9638480.115474956,256.25030185841024,1052,1.9,98.0,8757.25,212.654,138251394133.0
9638480.617605694,256.75243259593844,1054,1.9,98.0,8757.25,213.524,138251497755.0
9638481.119732924,257.25455982610583,1056,1.9,98.0,8757.25,213.817,138251598852.0
9638481.621854,257.75668090209365,1058,1.9,98.0,8757.25,213.349,138251701175.0
9638482.12403336,258.25886026211083,1060,1.9,99.0,8757.25,212.28,138251802980.0
9638482.6314191,258.76624600216746,1062,2.8,98.0,8757.25,212.198,138251909449.0
9638483.134560036,259.2693869378418,1064,2.0,99.0,8757.25,212.092,138252012855.0
9638483.652999751,259.78782665356994,1067,1.9,98.0,8757.25,211.988,138252117950.0
9638484.161366632,260.29619353450835,1069,2.0,98.0,8757.25,210.42,138252238331.0
9638484.66348376,260.79831066168845,1071,1.9,98.0,8757.25,209.412,138252344780.0
9638485.194599507,261.32942640967667,1073,2.1,99.0,8757.25,209.389,138252449331.0
9638485.700640114,261.8354670163244,1075,1.9,98.0,8757.25,211.348,138252553966.0
9638486.20268872,262.3375156223774,1077,2.0,99.0,8757.25,211.514,138252652682.0
9638486.704749517,262.8395764194429,1079,2.0,98.0,8757.25,211.427,138252753351.0
9638487.210507313,263.3453342150897,1081,2.0,98.0,8757.25,213.129,138252857025.0
9638487.71325573,263.8480826318264,1083,2.0,98.0,8757.25,212.272,138252959861.0
9638488.215386579,264.3502134811133,1085,1.9,97.0,8757.25,214.692,138253063972.0
9638488.717540668,264.85236757062376,1087,2.0,98.0,8757.25,213.395,138253165109.0
9638489.219779648,265.3546065501869,1089,1.9,98.0,8757.25,214.764,138253268498.0
9638489.721976217,265.8568031191826,1091,2.0,99.0,8757.25,212.477,138253371633.0
9638490.229323097,266.3641499988735,1093,1.9,98.0,8757.25,213.559,138253478566.0
9638490.732324813,266.8671517148614,1095,2.0,99.0,8757.25,211.859,138253581653.0
9638491.234619763,267.3694466650486,1098,1.9,98.0,8757.25,212.724,138253685210.0
9638491.736801721,267.87162862345576,1100,1.9,98.0,8757.25,211.883,138253786088.0
9638492.23889418,268.3737210817635,1102,2.0,98.0,8757.25,211.418,138253887093.0
9638492.740943236,268.8757701385766,1104,1.9,99.0,8757.25,210.487,138253986421.0
9638493.247444522,269.3822714239359,1106,1.9,98.0,8757.25,209.742,138254090254.0
9638493.74961328,269.8844401817769,1108,2.0,99.0,8757.25,209.247,138254192197.0
9638494.25169818,270.3865250814706,1110,2.0,98.0,8757.25,209.058,138254295572.0
9638494.753795886,270.8886227887124,1112,2.0,97.0,8757.25,208.668,138254397849.0
9638495.256168587,271.3909954894334,1114,2.0,99.0,8757.25,209.44,138254501883.0
9638495.758272167,271.89309906959534,1116,2.0,98.0,8757.25,214.158,138254625374.0
9638496.260239212,272.39506611414254,1118,1.9,99.0,8757.25,213.355,138254731282.0
9638496.76805374,272.9028806425631,1120,2.0,98.0,8757.25,212.981,138254835243.0
9638497.270628756,273.4054556582123,1122,1.9,99.0,8757.25,212.524,138254940165.0
9638497.772723043,273.9075499456376,1124,2.0,98.0,8757.25,212.102,138255042663.0
9638498.274862412,274.4096893146634,1126,1.9,99.0,8757.25,212.154,138255146356.0
9638498.777077343,274.911904245615,1128,2.0,98.0,8757.25,212.055,138255247998.0
9638499.279243613,275.4140705149621,1130,2.0,98.0,8757.25,211.653,138255351653.0
9638499.786503872,275.92133077420294,1132,1.9,98.0,8757.25,210.781,138255455869.0
9638500.308688872,276.4435157738626,1135,2.0,99.0,8757.25,210.024,138255558545.0
9638500.815465912,276.950292814523,1137,1.9,98.0,8757.25,209.753,138255657844.0
9638501.317526007,277.45235290937126,1139,2.0,99.0,8757.25,208.934,138255758283.0
9638501.820546543,277.95537344552577,1141,1.9,99.0,8757.25,209.889,138255859161.0
9638502.338369569,278.47319647111,1143,1.9,98.0,8757.25,208.127,138255961232.0
9638502.845607176,278.9804340787232,1145,1.9,99.0,8757.25,208.937,138256065043.0
9638503.348153412,279.4829803146422,1147,1.9,98.0,8757.25,209.035,138256169496.0
9638503.85028259,279.9851094931364,1149,1.9,99.0,8757.25,209.727,138256272276.0
