timestamp_perf_counter_sec,elapsed_sec,step,cpu_util_percent,process_cpu_util_percent,gpu_util_percent,gpu_mem_used_mb,gpu_power_w,gpu_energy_mj
11418665.820201527,0.0001704338937997818,-1,0.0,0.0,2.0,1991.25,14.826,144076959410.0
11418666.326504512,0.5064734183251858,0,1.1,98.8,92.0,16203.25,67.227,144077057314.0
11418666.82965172,1.0096206273883581,1,1.1,103.4,97.0,17777.25,200.981,144077169556.0
11418667.33174518,1.5117140859365463,1,1.1,101.5,99.0,19349.25,228.448,144077280564.0
11418667.8342783,2.0142472069710493,2,1.1,97.5,100.0,19349.25,230.294,144077393481.0
11418668.336816076,2.51678498275578,3,1.1,103.5,100.0,19349.25,228.54,144077505162.0
11418668.840051636,3.020020542666316,4,1.1,99.3,99.0,19349.25,227.92,144077613097.0
11418669.345954165,3.5259230714291334,4,1.1,100.8,100.0,19349.25,231.02,144077728565.0
11418669.848525904,4.028494810685515,5,1.1,101.5,100.0,19349.25,227.624,144077839447.0
11418670.35095404,4.530922947451472,6,1.1,99.5,98.0,19349.25,228.616,144077950087.0
11418670.853757853,5.033726759254932,6,1.1,101.5,100.0,19349.25,230.639,144078064483.0
11418671.3563689,5.536337805911899,7,1.1,99.5,99.0,19349.25,233.199,144078174120.0
11418671.858777456,6.038746362552047,8,1.0,101.5,98.0,19349.25,230.261,144078285992.0
11418672.365342546,6.545311452820897,9,1.1,100.7,99.0,19349.25,232.053,144078402196.0
11418672.88723352,7.067202426493168,9,1.1,103.5,100.0,19349.25,232.559,144078515944.0
11418673.38989206,7.569860966876149,10,1.1,101.5,100.0,19349.25,231.462,144078628473.0
11418673.892149184,8.072118090465665,11,1.0,101.6,100.0,19349.25,228.007,144078733230.0
11418674.394211113,8.574180020019412,11,1.0,99.5,100.0,19349.25,229.152,144078847251.0
11418674.896745132,9.076714038848877,12,1.0,101.6,100.0,19349.25,227.333,144078958271.0
11418675.403585056,9.583553962409496,13,1.1,98.6,98.0,19349.25,228.728,144079073824.0
11418675.906669363,10.08663826994598,13,1.1,101.4,100.0,19349.25,229.673,144079185206.0
11418676.409489416,10.589458322152495,14,1.1,101.5,100.0,19349.25,230.576,144079297926.0
11418676.912193708,11.092162614688277,15,1.1,99.4,98.0,19349.25,231.148,144079409050.0
11418677.415178832,11.595147738233209,16,1.0,101.4,100.0,19349.25,233.765,144079542464.0
11418677.926013077,12.105981983244419,16,1.1,103.8,100.0,19349.25,232.684,144079658574.0
11418678.428555135,12.608524041250348,17,1.0,99.5,99.0,19349.25,228.542,144079769161.0
11418678.930763256,13.110732162371278,18,1.0,99.5,98.0,19349.25,229.51,144079881868.0
11418679.433321485,13.613290391862392,18,1.1,99.5,100.0,19349.25,231.298,144079996094.0
11418679.936211,14.116179905831814,19,1.1,101.5,100.0,19349.25,232.192,144080107673.0
11418680.442581443,14.62255034968257,20,1.0,102.6,98.0,19349.25,230.09,144080219724.0
11418680.945267577,15.125236483290792,20,1.1,99.5,100.0,19349.25,230.903,144080332463.0
11418681.447799973,15.627768879756331,21,1.0,99.6,99.0,19349.25,231.325,144080443909.0
11418681.950088996,16.130057903006673,22,1.0,101.5,99.0,19349.25,231.859,144080558500.0
11418682.452759188,16.632728094235063,23,1.1,101.5,100.0,19349.25,232.21,144080669692.0
11418682.963728992,17.143697898834944,23,1.1,101.8,100.0,19349.25,233.651,144080784172.0
11418683.465764081,17.64573298767209,24,1.1,99.6,99.0,19349.25,230.881,144080899565.0
11418683.968044925,18.14801383204758,25,1.1,101.5,98.0,19349.25,230.686,144081009322.0
11418684.470638826,18.65060773305595,25,1.0,99.5,100.0,19349.25,232.092,144081123139.0
11418684.973185943,19.153154850006104,26,1.1,101.6,100.0,19349.25,229.384,144081232585.0
11418685.475125642,19.655094549059868,27,1.1,99.5,99.0,19349.25,230.088,144081342561.0
11418685.980909817,20.160878723487258,27,1.1,100.8,100.0,19349.25,229.994,144081457778.0
11418686.483559687,20.66352859325707,28,1.0,99.5,100.0,19349.25,231.221,144081571825.0
11418686.985599097,21.165568003430963,29,1.1,101.5,99.0,19349.25,230.649,144081684242.0
11418687.488094244,21.668063150718808,29,1.0,101.5,100.0,19349.25,233.611,144081797832.0
11418688.002158972,22.182127878069878,30,1.1,101.2,100.0,19349.25,229.632,144081909365.0
11418688.504364736,22.684333642944694,31,1.0,101.6,98.0,19349.25,228.373,144082020493.0
11418689.006585838,23.18655474483967,32,1.1,101.5,99.0,19349.25,230.978,144082133275.0
11418689.50999594,23.689964845776558,32,1.0,101.3,100.0,19349.25,234.395,144082271788.0
11418690.01315595,24.19312485679984,33,1.1,99.4,100.0,19349.25,232.567,144082386246.0
11418690.519572197,24.699541103094816,34,1.0,100.6,98.0,19349.25,230.003,144082498997.0
11418691.022576002,25.202544908970594,34,1.1,99.4,100.0,19349.25,233.75,144082614744.0
11418691.525259532,25.705228438600898,35,1.3,101.5,100.0,19349.25,233.771,144082725221.0
11418692.02726006,26.2072289660573,36,1.0,101.5,98.0,19349.25,231.247,144082838191.0
11418692.529991964,26.709960870444775,36,1.0,101.5,99.0,19349.25,231.334,144082950351.0
11418693.044120464,27.224089371040463,37,1.1,101.1,100.0,19349.25,233.374,144083066129.0
11418693.54663582,27.726604726165533,38,1.0,101.5,100.0,19349.25,231.787,144083177669.0
11418694.048872303,28.22884120978415,39,1.1,99.6,100.0,19349.25,227.858,144083282610.0
11418694.55186901,28.731837917119265,39,1.0,101.3,100.0,19349.25,231.445,144083397448.0
11418695.05846608,29.238434987142682,40,1.2,102.7,99.0,19349.25,229.489,144083510791.0
11418695.561279232,29.74124813824892,41,1.1,99.4,98.0,19349.25,231.511,144083625111.0
11418696.067772789,30.24774169549346,41,1.0,100.7,100.0,19349.25,234.369,144083740950.0
11418696.57048115,30.750450056046247,42,1.1,101.6,100.0,19349.25,233.608,144083850934.0
11418697.077263111,31.257232017815113,43,1.1,100.6,98.0,19349.25,232.249,144083965220.0
11418697.580030696,31.759999603033066,43,1.1,101.4,100.0,19349.25,233.586,144084080832.0
11418698.082821328,32.26279023475945,44,1.0,99.5,100.0,19349.25,234.288,144084192247.0
11418698.585355636,32.76532454229891,45,1.1,101.5,99.0,19349.25,229.288,144084304926.0
11418699.087842653,33.26781155914068,46,1.0,101.4,100.0,19349.25,230.733,144084418639.0
11418699.590561984,33.7705308906734,46,1.0,99.5,100.0,19349.25,230.026,144084524188.0
11418700.096200345,34.27616925165057,47,1.1,100.9,98.0,19349.25,229.618,144084638020.0
11418700.599198552,34.77916745841503,48,1.0,101.4,99.0,19349.25,228.118,144084751644.0
11418701.105829852,35.285798758268356,48,1.1,100.7,100.0,19349.25,234.276,144084888988.0
11418701.608501261,35.788470167666674,49,1.1,99.5,99.0,19349.25,235.883,144085004812.0
11418702.11558618,36.29555508680642,50,1.0,102.5,99.0,19349.25,230.301,144085117862.0
11418702.618860653,36.798829559236765,50,1.1,99.4,100.0,19349.25,232.985,144085231855.0
11418703.121399729,37.30136863514781,51,1.1,101.6,100.0,19349.25,232.609,144085342515.0
11418703.62347176,37.8034406658262,52,1.0,101.5,97.0,19349.25,232.101,144085456950.0
11418704.126351124,38.306320030242205,52,1.1,99.5,99.0,19349.25,233.465,144085570047.0
11418704.62997613,38.80994503572583,53,1.0,99.3,100.0,19349.25,234.211,144085683185.0
11418705.134757329,39.314726235345006,54,1.1,103.1,100.0,19349.25,231.404,144085797118.0
11418705.63752179,39.81749069690704,55,1.1,101.4,100.0,19349.25,228.65,144085904743.0
11418706.143994868,40.32396377436817,55,1.1,100.7,100.0,19349.25,233.062,144086020947.0
11418706.646515064,40.82648397050798,56,1.0,101.5,99.0,19349.25,229.167,144086130125.0
11418707.176094884,41.35606379061937,57,1.1,105.7,98.0,19349.25,228.52,144086243081.0
11418707.67848745,41.858456356450915,57,1.0,99.5,100.0,19349.25,231.09,144086359824.0
11418708.180784924,42.3607538305223,58,1.1,99.6,100.0,19349.25,231.363,144086469377.0
11418708.682836505,42.8628054112196,59,1.0,99.5,98.0,19349.25,232.384,144086581862.0
11418709.18539202,43.36536092683673,59,1.1,101.5,100.0,19349.25,233.554,144086695905.0
11418709.692992998,43.87296190485358,60,1.1,100.5,100.0,19349.25,236.079,144086809517.0
11418710.195976663,44.37594556994736,61,1.1,103.4,99.0,19349.25,231.699,144086924735.0
11418710.69836057,44.878329476341605,62,1.0,97.5,100.0,19349.25,234.046,144087041362.0
11418711.201360496,45.38132940232754,62,1.0,103.4,100.0,19349.25,232.331,144087151391.0
11418711.704323793,45.88429269939661,63,1.1,99.4,98.0,19349.25,228.479,144087283523.0
11418712.206515651,46.38648455776274,64,1.0,99.5,99.0,19349.25,230.429,144087398624.0
11418712.721533887,46.9015027936548,64,1.1,104.9,100.0,19349.25,233.213,144087513108.0
11418713.223998826,47.403967732563615,65,1.1,101.6,100.0,19349.25,236.406,144087625925.0
11418713.726178339,47.9061472453177,66,1.0,99.5,99.0,19349.25,232.843,144087737405.0
11418714.232060874,48.41202978044748,66,1.1,100.8,100.0,19349.25,235.04,144087854823.0
11418714.735347876,48.91531678289175,67,1.0,99.4,100.0,19349.25,232.814,144087966171.0
11418715.237407137,49.417376043275,68,1.1,101.5,98.0,19349.25,229.46,144088078777.0
11418715.740170628,49.92013953439891,69,1.1,99.5,99.0,19349.25,230.252,144088190741.0
11418716.242684375,50.42265328206122,69,1.1,101.5,100.0,19349.25,233.935,144088304939.0
11418716.745187731,50.92515663802624,70,1.1,101.5,100.0,19349.25,232.436,144088416809.0
11418717.252420165,51.43238907121122,71,1.0,100.5,100.0,19349.25,229.723,144088524589.0
11418717.755219735,51.935188641771674,71,1.1,101.4,100.0,19349.25,231.374,144088640076.0
11418718.257796034,52.43776494078338,72,1.1,99.5,99.0,19349.25,229.117,144088752629.0
11418718.760371065,52.94033997133374,73,1.1,99.4,98.0,19349.25,230.085,144088866702.0
11418719.262934992,53.44290389865637,73,1.1,101.5,100.0,19349.25,232.282,144088979244.0
11418719.770083971,53.95005287788808,74,1.0,100.6,100.0,19349.25,230.654,144089089753.0
11418720.272872092,54.45284099876881,75,1.1,101.4,98.0,19349.25,231.107,144089202939.0
11418720.77540608,54.955374985933304,75,1.0,101.5,100.0,19349.25,233.174,144089318912.0
11418721.278776525,55.458745431154966,76,1.3,99.4,100.0,19349.25,233.13,144089428479.0
11418721.78116936,55.961138267070055,77,1.1,101.5,99.0,19349.25,230.15,144089541262.0
11418722.28389994,56.46386884711683,78,1.1,101.5,100.0,19349.25,234.242,144089655583.0
11418722.798715323,56.97868422977626,78,1.0,101.0,100.0,19349.25,233.22,144089789159.0
11418723.301632117,57.48160102404654,79,1.1,101.4,98.0,19349.25,229.25,144089903757.0
11418723.809380367,57.98934927396476,80,1.0,102.4,99.0,19349.25,230.696,144090018498.0
11418724.321592463,58.50156136974692,80,1.1,101.5,100.0,19349.25,233.112,144090135032.0
11418724.828838244,59.008807150647044,81,1.1,100.6,100.0,19349.25,231.465,144090244917.0
11418725.331625776,59.5115946829319,82,1.1,103.4,98.0,19349.25,230.047,144090358474.0
11418725.834156414,60.01412532106042,82,1.1,97.5,100.0,19349.25,232.764,144090474731.0
11418726.336685313,60.51665421947837,83,1.1,103.5,100.0,19349.25,233.997,144090582994.0
11418726.838710632,61.01867953874171,84,1.1,99.5,98.0,19349.25,229.845,144090695971.0
11418727.34122815,61.521197056397796,84,1.1,99.5,100.0,19349.25,234.971,144090811786.0
11418727.848632053,62.02860095910728,85,1.1,102.5,100.0,19349.25,235.079,144090923115.0
11418728.35114204,62.53111094608903,86,1.0,101.5,100.0,19349.25,231.114,144091036924.0
11418728.853486285,63.03345519118011,87,1.1,97.5,100.0,19349.25,230.295,144091150442.0
11418729.360150255,63.54011916182935,87,1.1,102.7,100.0,19349.25,233.576,144091265996.0
11418729.866332108,64.0463010147214,88,1.0,100.7,99.0,19349.25,231.685,144091381194.0
11418730.369398654,64.54936756007373,89,1.1,101.3,98.0,19349.25,230.73,144091492077.0
11418730.871952964,65.05192187055945,89,1.0,101.5,100.0,19349.25,233.733,144091608348.0
11418731.374518473,65.55448737926781,90,1.1,97.6,100.0,19349.25,230.585,144091719895.0
11418731.87651563,66.05648453719914,91,1.1,103.6,99.0,19349.25,230.649,144091832195.0
11418732.3785504,66.55851930566132,91,1.0,99.6,100.0,19349.25,233.994,144091947423.0
11418732.88576118,67.06573008745909,92,1.1,100.5,100.0,19349.25,234.623,144092061587.0
11418733.389128432,67.56909733824432,93,1.1,101.3,98.0,19349.25,232.138,144092175033.0
11418733.89168223,68.07165113650262,93,1.0,101.6,100.0,19349.25,233.678,144092290673.0
11418734.399692424,68.57966133020818,94,1.1,102.4,100.0,19349.25,232.196,144092426033.0
11418734.90558538,69.08555428683758,95,1.1,100.8,100.0,19349.25,229.141,144092541374.0
11418735.408969983,69.58893889002502,96,1.1,99.3,99.0,19349.25,231.959,144092654418.0
11418735.912471289,70.09244019538164,96,1.1,101.3,100.0,19349.25,234.048,144092769990.0
11418736.414956337,70.59492524340749,97,1.0,99.5,100.0,19349.25,229.785,144092878203.0
11418736.91724233,71.09721123613417,98,1.1,101.5,98.0,19349.25,230.102,144092993423.0
11418737.424763864,71.60473277047276,98,1.1,100.5,100.0,19349.25,234.383,144093107865.0
11418737.927317044,72.10728595033288,99,1.0,99.6,100.0,19349.25,234.709,144093221127.0
11418738.429346582,72.60931548848748,100,1.1,103.5,98.0,19349.25,230.564,144093333948.0
11418738.93186169,73.11183059588075,100,1.0,99.5,100.0,19349.25,234.131,144093447801.0
11418739.434799904,73.61476881057024,101,1.1,99.4,99.0,19349.25,233.706,144093559822.0
11418739.937570248,74.11753915436566,102,1.0,101.5,99.0,19349.25,233.423,144093672567.0
11418740.444468291,74.62443719804287,103,1.1,100.7,100.0,19349.25,233.895,144093788045.0
11418740.947057832,75.12702673859894,103,1.0,99.5,100.0,19349.25,233.87,144093903453.0
11418741.44904066,75.62900956720114,104,1.1,101.6,98.0,19349.25,231.79,144094015408.0
11418741.9563665,76.13633540645242,105,1.1,102.5,98.0,19349.25,228.033,144094123048.0
11418742.463126322,76.64309522882104,105,1.0,100.6,100.0,19349.25,230.658,144094240386.0
11418742.965729833,77.14569873921573,106,1.0,101.5,100.0,19349.25,229.4,144094355311.0
11418743.468037566,77.6480064727366,107,1.1,99.5,99.0,19349.25,231.551,144094466937.0
11418743.970755149,78.15072405524552,107,1.0,101.5,100.0,19349.25,234.695,144094583864.0
11418744.473285325,78.65325423143804,108,1.1,99.6,100.0,19349.25,231.049,144094693246.0
11418744.975295084,79.1552639901638,109,1.0,101.5,98.0,19349.25,230.54,144094804233.0
11418745.482338697,79.66230760328472,109,1.1,100.6,100.0,19349.25,232.544,144094920297.0
11418745.985638734,80.16560764051974,110,1.1,101.4,99.0,19349.25,232.252,144095034497.0
11418746.487703828,80.6676727347076,111,1.0,99.5,98.0,19349.25,230.863,144095146646.0
11418746.990488237,81.17045714333653,112,1.1,101.4,100.0,19349.25,234.729,144095279844.0
11418747.494450444,81.67441935092211,112,1.1,99.2,100.0,19349.25,232.123,144095398117.0
11418748.002109708,82.18207861483097,113,1.1,102.5,99.0,19349.25,228.821,144095513485.0
11418748.5046154,82.684584306553,114,1.1,101.4,98.0,19349.25,230.96,144095625491.0
11418749.025022976,83.20499188266695,114,1.1,103.8,100.0,19349.25,232.097,144095740479.0
11418749.527499568,83.70746847428381,115,1.0,99.6,100.0,19349.25,229.419,144095851336.0
11418750.029646486,84.20961539261043,116,1.0,101.5,99.0,19349.25,232.056,144095964031.0
11418750.53222514,84.7121940460056,116,1.1,99.5,100.0,19349.25,234.454,144096078961.0
11418751.034685342,85.21465424820781,117,1.0,101.6,100.0,19349.25,233.757,144096190314.0
11418751.540721036,85.72068994306028,118,1.1,100.7,98.0,19349.25,231.329,144096305017.0
11418752.043203408,86.22317231446505,118,1.0,99.5,100.0,19349.25,234.815,144096421231.0
11418752.545687992,86.72565689869225,119,1.1,101.6,100.0,19349.25,233.233,144096532018.0
11418753.047556704,87.22752561047673,120,1.0,101.5,98.0,19349.25,229.989,144096646088.0
11418753.550286368,87.73025527410209,121,1.1,99.5,99.0,19349.25,233.994,144096760549.0
11418754.061426325,88.24139523133636,121,1.1,101.7,100.0,19349.25,234.408,144096872455.0
11418754.563801344,88.74377025105059,122,1.0,101.6,100.0,19349.25,231.604,144096984492.0
11418755.065880848,89.24584975466132,123,1.1,99.5,100.0,19349.25,230.046,144097094949.0
11418755.569890048,89.74985895492136,123,1.1,101.3,100.0,19349.25,233.885,144097210351.0
11418756.071929492,90.25189839862287,124,1.1,99.6,99.0,19349.25,230.184,144097322293.0
11418756.578802971,90.75877187773585,125,1.1,100.6,98.0,19349.25,229.408,144097434022.0
11418757.081435768,91.26140467450023,125,1.1,101.5,100.0,19349.25,233.273,144097550811.0
11418757.58398718,91.7639560867101,126,0.9,101.5,100.0,19349.25,230.469,144097662123.0
11418758.086054416,92.26602332293987,127,0.9,99.5,99.0,19349.25,231.538,144097775330.0
11418758.588864705,92.76883361116052,127,0.7,101.4,100.0,19349.25,233.935,144097913290.0
11418759.091493849,93.27146275527775,128,0.7,99.6,100.0,19349.25,234.438,144098029276.0
11418759.598678645,93.77864755131304,129,0.8,102.5,98.0,19349.25,231.633,144098141598.0
11418760.10136603,94.2813349366188,130,1.4,99.5,99.0,19349.25,229.079,144098252274.0
11418760.604031025,94.78399993106723,130,1.5,101.4,100.0,19349.25,233.399,144098368824.0
11418761.106759083,95.28672798909247,131,1.2,101.5,100.0,19349.25,230.84,144098482620.0
11418761.620631754,95.80060066096485,132,1.0,101.2,100.0,19349.25,230.606,144098592272.0
11418762.12266318,96.30263208597898,132,0.9,99.6,100.0,19349.25,233.106,144098709054.0
11418762.624655252,96.80462415888906,133,1.0,101.6,100.0,19349.25,230.615,144098821024.0
11418763.127026431,97.306995337829,134,0.8,99.5,98.0,19349.25,231.789,144098932744.0
11418763.629710007,97.80967891402543,134,0.9,101.5,100.0,19349.25,232.807,144099044775.0
11418764.13676012,98.31672902591527,135,0.9,102.6,100.0,19349.25,233.215,144099159705.0
11418764.639414046,98.81938295252621,136,1.0,99.4,98.0,19349.25,232.392,144099272317.0
11418765.14196188,99.32193078659475,136,0.9,101.6,100.0,19349.25,234.688,144099387891.0
11418765.644480174,99.82444908097386,137,1.0,99.5,100.0,19349.25,233.797,144099500084.0
11418766.146587688,100.32655659504235,138,1.0,99.6,99.0,19349.25,231.582,144099614351.0
11418766.648723045,100.82869195193052,139,1.1,101.6,100.0,19349.25,235.634,144099728781.0
11418767.164680412,101.34464931860566,139,1.0,102.7,100.0,19349.25,232.342,144099836441.0
11418767.666696908,101.84666581451893,140,1.1,101.6,98.0,19349.25,230.125,144099948328.0
11418768.168974806,102.3489437121898,141,1.0,99.5,99.0,19349.25,231.907,144100058501.0
11418768.687914995,102.8678839020431,141,1.1,104.1,100.0,19349.25,233.513,144100196769.0
11418769.194946548,103.37491545453668,142,1.1,100.6,100.0,19349.25,233.765,144100311466.0
11418769.69797909,103.87794799730182,143,1.1,101.3,98.0,19349.25,232.353,144100425060.0
11418770.200591885,104.38056079111993,143,1.1,101.5,100.0,19349.25,233.614,144100540024.0
11418770.703316223,104.88328512944281,144,1.1,97.5,100.0,19349.25,233.797,144100650633.0
11418771.205648571,105.38561747781932,145,1.1,103.5,98.0,19349.25,232.334,144100764710.0
11418771.708247896,105.88821680285037,145,1.1,99.5,100.0,19349.25,235.399,144100879461.0
11418772.214352712,106.39432161860168,146,1.1,100.8,100.0,19349.25,234.119,144100991395.0
11418772.716774125,106.89674303121865,147,1.1,101.4,100.0,19349.25,232.251,144101105206.0
11418773.219437769,107.39940667524934,148,1.1,101.5,100.0,19349.25,231.854,144101218146.0
11418773.726670245,107.90663915127516,148,1.1,100.6,100.0,19349.25,232.66,144101331678.0
11418774.23276292,108.41273182630539,149,1.1,100.8,99.0,19349.25,229.383,144101445734.0
11418774.735766452,108.91573535837233,150,1.1,101.4,98.0,19349.25,228.739,144101559146.0
11418775.238917226,109.41888613253832,150,1.1,99.3,100.0,19349.25,233.325,144101672454.0
11418775.741807396,109.92177630215883,151,1.1,101.5,100.0,19349.25,232.269,144101785322.0
11418776.244055564,110.42402447015047,152,1.1,101.5,99.0,19349.25,233.386,144101897641.0
11418776.746596156,110.92656506225467,152,1.1,99.5,100.0,19349.25,233.5,144102012440.0
11418777.252360556,111.43232946284115,153,1.1,100.9,100.0,19349.25,231.634,144102123618.0
11418777.754396042,111.93436494842172,154,1.1,99.5,98.0,19349.25,231.714,144102238347.0
11418778.256957715,112.43692662194371,154,1.1,101.4,100.0,19349.25,232.983,144102353090.0
11418778.759995358,112.93996426463127,155,1.1,101.4,100.0,19349.25,232.183,144102466826.0
11418779.262680784,113.44264969043434,156,1.1,99.5,98.0,19349.25,231.888,144102577794.0
11418779.765169306,113.94513821229339,156,1.1,101.5,100.0,19349.25,234.459,144102690236.0
11418780.27233819,114.45230709575117,157,1.1,100.6,100.0,19349.25,233.83,144102803181.0
11418780.774789345,114.95475825108588,158,1.1,101.6,99.0,19349.25,230.723,144102916397.0
11418781.276777076,115.4567459821701,159,1.1,99.6,100.0,19349.25,232.09,144103031719.0
11418781.77934158,115.95931048691273,159,1.1,101.4,100.0,19349.25,234.0,144103168064.0
11418782.28279368,116.46276258677244,160,1.1,101.4,98.0,19349.25,231.23,144103281018.0
11418782.784917176,116.9648860823363,161,1.1,99.5,99.0,19349.25,231.192,144103396690.0
11418783.290672775,117.47064168192446,161,1.1,98.9,100.0,19349.25,233.168,144103513032.0
11418783.794003284,117.97397219017148,162,1.1,101.4,100.0,19349.25,233.938,144103627403.0
11418784.295992848,118.47596175409853,163,1.1,101.5,98.0,19349.25,229.924,144103738140.0
11418784.801282167,118.9812510740012,163,1.1,101.0,100.0,19349.25,233.437,144103852691.0
11418785.30378738,119.48375628702343,164,1.1,101.5,100.0,19349.25,234.341,144103961612.0
11418785.809349796,119.98931870236993,165,1.1,98.8,98.0,19349.25,232.961,144104078845.0
11418786.312340807,120.49230971373618,165,1.1,101.4,99.0,19349.25,235.676,144104196378.0
11418786.814966744,120.99493565037847,166,1.1,99.5,100.0,19349.25,234.49,144104307527.0
11418787.317487536,121.49745644256473,167,1.1,103.5,100.0,19349.25,230.38,144104418710.0
11418787.820085563,122.0000544693321,168,1.1,99.5,100.0,19349.25,230.724,144104530508.0
11418788.322644556,122.50261346250772,168,1.1,99.5,100.0,19349.25,233.072,144104641862.0
11418788.82926303,123.00923193618655,169,1.1,102.7,99.0,19349.25,231.629,144104757861.0
11418789.332365284,123.51233419030905,170,1.1,101.3,98.0,19349.25,230.401,144104865489.0
11418789.834888255,124.01485716179013,170,1.1,99.6,100.0,19349.25,232.233,144104981295.0
11418790.336995652,124.51696455851197,171,1.1,99.6,100.0,19349.25,230.006,144105093760.0
11418790.839285651,125.01925455778837,172,1.1,101.5,99.0,19349.25,230.0,144105207034.0
11418791.341938706,125.52190761268139,172,1.1,99.5,100.0,19349.25,231.907,144105319876.0
11418791.847402012,126.02737091854215,173,1.1,101.0,100.0,19349.25,230.784,144105432122.0
11418792.350687698,126.5306566040963,174,1.1,101.3,98.0,19349.25,231.363,144105545802.0
11418792.853321953,127.03329085931182,174,1.1,101.5,100.0,19349.25,232.241,144105659563.0
11418793.355868526,127.53583743236959,175,1.1,101.6,100.0,19349.25,232.834,144105772718.0
11418793.857974863,128.03794376924634,176,1.1,99.6,98.0,19349.25,230.326,144105883137.0
11418794.360041467,128.5400103740394,176,1.1,99.5,100.0,19349.25,233.527,144105996968.0
11418794.867398797,129.04736770316958,177,1.1,102.5,100.0,19349.25,233.914,144106110117.0
11418795.369974928,129.54994383454323,178,1.1,99.5,99.0,19349.25,232.104,144106225974.0
11418795.872298168,130.05226707458496,179,1.1,101.5,100.0,19349.25,235.494,144106342334.0
11418796.375132617,130.55510152317584,179,1.1,99.5,100.0,19349.25,232.609,144106450390.0
11418796.877954395,131.0579233020544,180,1.1,101.5,98.0,19349.25,229.599,144106585615.0
11418797.380040972,131.56000987812877,181,1.1,99.5,99.0,19349.25,230.785,144106699556.0
11418797.88626822,132.06623712740839,181,1.1,100.8,100.0,19349.25,232.433,144106816412.0
11418798.389276132,132.56924503855407,182,1.1,101.4,100.0,19349.25,234.142,144106930286.0
11418798.891491309,133.07146021537483,183,1.1,101.5,98.0,19349.25,233.071,144107041739.0
11418799.394139074,133.57410798035562,183,1.1,99.5,100.0,19349.25,232.834,144107155938.0
11418799.89686696,134.0768358670175,184,1.1,101.5,100.0,19349.25,234.214,144107266367.0
11418800.399369454,134.57933836057782,185,1.1,101.5,98.0,19349.25,231.782,144107378810.0
11418800.905213136,135.08518204279244,185,1.1,100.8,100.0,19349.25,234.212,144107497670.0
11418801.408545831,135.58851473778486,186,1.1,101.3,100.0,19349.25,233.963,144107609445.0
11418801.911144208,136.09111311472952,187,1.1,99.5,100.0,19349.25,232.712,144107723033.0
11418802.413829384,136.59379829093814,188,1.1,99.5,100.0,19349.25,232.266,144107834593.0
11418802.917626958,137.0975958649069,188,1.1,101.3,100.0,19349.25,234.983,144107950071.0
11418803.42403742,137.60400632582605,189,1.1,100.7,99.0,19349.25,234.551,144108065078.0
11418803.927427428,138.1073963344097,190,1.1,101.3,98.0,19349.25,228.532,144108173499.0
11418804.446174864,138.6261437702924,190,1.1,102.1,100.0,19349.25,232.614,144108290903.0
11418804.948972031,139.1289409380406,191,1.1,103.5,100.0,19349.25,230.034,144108403560.0
11418805.45126258,139.63123148679733,192,1.1,99.5,99.0,19349.25,230.746,144108514973.0
11418805.953941008,140.13390991464257,192,1.1,99.5,100.0,19349.25,233.097,144108630180.0
11418806.456599245,140.6365681514144,193,1.1,99.5,100.0,19349.25,231.734,144108739435.0
11418806.96337799,141.1433468963951,194,1.1,102.5,98.0,19349.25,231.078,144108857149.0
11418807.465955105,141.64592401124537,194,1.1,101.5,100.0,19349.25,233.302,144108970340.0
11418807.96864401,142.14861291646957,195,1.1,99.5,100.0,19349.25,233.283,144109083432.0
11418808.471332368,142.6513012740761,196,1.1,101.4,98.0,19349.25,230.317,144109219284.0
11418808.974503873,143.1544727794826,196,1.1,99.4,100.0,19349.25,234.643,144109333954.0
11418809.485749416,143.6657183226198,197,1.1,103.8,100.0,19349.25,233.615,144109450643.0
11418809.98777224,144.16774114593863,198,1.1,101.6,99.0,19349.25,230.207,144109565064.0
11418810.489879727,144.6698486339301,199,1.1,99.5,98.0,19349.25,231.621,144109675380.0
11418810.993291076,145.17325998283923,199,1.1,99.3,100.0,19349.25,231.76,144109786795.0
11418811.495686246,145.6756551526487,200,1.1,101.6,100.0,19349.25,228.674,144109897599.0
11418812.002042376,146.18201128207147,201,1.1,100.7,99.0,19349.25,232.046,144110012767.0
11418812.511540862,146.6915097683668,201,1.1,104.0,100.0,19349.25,234.299,144110128263.0
11418813.013994671,147.19396357797086,202,1.1,99.6,100.0,19349.25,233.081,144110236347.0
11418813.521267409,147.70123631507158,203,1.1,100.5,98.0,19349.25,232.12,144110350936.0
11418814.023873774,148.2038426809013,203,1.1,101.4,100.0,19349.25,233.5,144110467505.0
11418814.526655262,148.70662416890264,204,1.1,99.6,100.0,19349.25,234.067,144110578059.0
11418815.028649496,149.20861840248108,205,1.1,101.5,98.0,19349.25,230.629,144110691478.0
11418815.531326432,149.71129533834755,205,1.1,99.5,100.0,19349.25,235.088,144110806300.0
11418816.035063356,150.21503226272762,206,1.1,101.3,100.0,19349.25,233.515,144110915603.0
11418816.540331507,150.72030041366816,207,1.1,101.0,99.0,19349.25,231.41,144111031493.0
11418817.043177826,151.22314673289657,208,1.1,101.4,100.0,19349.25,233.333,144111147285.0
11418817.549092367,151.72906127385795,208,1.1,100.9,100.0,19349.25,231.684,144111258242.0
11418818.051123211,152.2310921177268,209,1.1,101.6,98.0,19349.25,229.353,144111368706.0
11418818.55338,152.7333489060402,210,1.1,99.5,99.0,19349.25,230.708,144111478241.0
11418819.072558437,153.25252734310925,210,1.1,104.1,100.0,19349.25,233.751,144111618943.0
11418819.579847181,153.75981608778238,211,1.1,102.5,100.0,19349.25,234.359,144111734545.0
11418820.082578927,154.26254783384502,212,1.1,99.4,98.0,19349.25,232.035,144111848583.0
11418820.585166365,154.76513527147472,212,1.1,99.5,100.0,19349.25,234.519,144111963957.0
11418821.087791529,155.26776043511927,213,1.1,101.5,100.0,19349.25,233.318,144112073505.0
11418821.590069955,155.77003886178136,214,1.1,99.5,98.0,19349.25,230.478,144112186794.0
11418822.092690602,156.27265950851142,214,1.1,101.5,100.0,19349.25,234.883,144112301489.0
11418822.598898837,156.77886774390936,215,1.1,100.8,100.0,19349.25,233.385,144112412624.0
11418823.101129277,157.28109818324447,216,1.1,99.5,100.0,19349.25,231.58,144112526699.0
11418823.603759032,157.7837279383093,217,1.1,101.5,100.0,19349.25,231.744,144112639360.0
11418824.111289501,158.2912584077567,217,1.1,100.5,100.0,19349.25,231.509,144112752095.0
11418824.618365834,158.7983347401023,218,1.1,102.6,98.0,19349.25,229.931,144112865750.0
11418825.120758075,159.30072698183358,219,1.1,101.5,98.0,19349.25,230.017,144112977988.0
11418825.624178223,159.8041471298784,219,1.1,99.4,100.0,19349.25,234.231,144113092351.0
11418826.126137609,160.30610651522875,220,1.1,99.6,100.0,19349.25,230.939,144113204541.0
11418826.62859932,160.80856822617352,221,1.1,101.5,99.0,19349.25,230.89,144113316079.0
11418827.131151134,161.31112004071474,221,1.1,99.5,100.0,19349.25,234.067,144113429452.0
11418827.636929344,161.81689825095236,222,1.1,102.9,100.0,19349.25,230.254,144113539936.0
11418828.139739282,162.31970818899572,223,1.1,99.3,98.0,19349.25,230.272,144113654240.0
11418828.642458308,162.82242721505463,223,1.1,99.5,100.0,19349.25,233.798,144113769142.0
11418829.145063832,163.32503273896873,224,1.1,103.5,100.0,19349.25,234.227,144113882532.0
11418829.647660837,163.82762974314392,225,1.1,99.5,98.0,19349.25,231.472,144113993492.0
11418830.150437536,164.33040644228458,225,1.1,101.5,100.0,19349.25,234.18,144114106984.0
11418830.65647672,164.83644562587142,226,1.1,100.8,100.0,19349.25,231.69,144114217298.0
11418831.159018232,165.33898713812232,227,1.1,101.5,99.0,19349.25,228.984,144114332488.0
11418831.66172006,165.84168896637857,228,1.1,99.5,100.0,19349.25,234.227,144114449919.0
11418832.165648576,166.34561748243868,228,1.1,101.3,100.0,19349.25,234.059,144114582916.0
11418832.667790703,166.84775961004198,229,1.1,99.5,98.0,19349.25,229.51,144114697349.0
11418833.1756929,167.35566180571914,230,1.1,102.3,99.0,19349.25,230.691,144114812646.0
11418833.69687994,167.87684884667397,230,1.1,103.6,100.0,19349.25,233.983,144114930076.0
11418834.199570276,168.37953918240964,231,1.1,99.5,100.0,19349.25,231.517,144115038445.0
11418834.70158996,168.8815588671714,232,1.1,101.5,98.0,19349.25,230.324,144115151634.0
11418835.204210397,169.38417930342257,232,1.2,101.5,100.0,19349.25,233.405,144115265937.0
11418835.706714649,169.8866835553199,233,1.1,97.6,100.0,19349.25,235.586,144115377447.0
11418836.213824812,170.39379371888936,234,1.1,102.5,98.0,19349.25,232.819,144115492924.0
11418836.716410156,170.8963790629059,234,1.1,103.5,100.0,19349.25,235.398,144115609411.0
11418837.219076242,171.3990451488644,235,1.1,99.5,100.0,19349.25,232.025,144115719579.0
11418837.721155308,171.9011242147535,236,1.1,99.5,99.0,19349.25,229.648,144115833409.0
11418838.224047456,172.40401636250317,237,1.1,101.4,100.0,19349.25,234.317,144115947257.0
11418838.735939564,172.91590847074986,237,1.1,103.5,100.0,19349.25,234.26,144116059205.0
11418839.238463696,173.41843260265887,238,1.1,99.5,98.0,19349.25,230.51,144116169826.0
11418839.740695113,173.92066401988268,239,1.1,99.5,99.0,19349.25,230.053,144116281080.0
11418840.244070472,174.42403937876225,239,1.1,101.3,100.0,19349.25,234.662,144116395824.0
11418840.746486723,174.9264556299895,240,1.1,99.6,100.0,19349.25,230.12,144116508005.0
11418841.25261839,175.43258729577065,241,1.1,102.7,100.0,19349.25,229.88,144116619914.0
11418841.755360696,175.93532960303128,241,1.1,99.5,100.0,19349.25,233.876,144116736798.0
11418842.257798808,176.437767714262,242,1.1,101.6,100.0,19349.25,231.424,144116849201.0
11418842.759915477,176.9398843832314,243,1.1,99.5,98.0,19349.25,232.156,144116962256.0
11418843.26259752,177.44256642647088,243,1.1,99.5,100.0,19349.25,234.708,144117102031.0
11418843.765024012,177.94499291852117,244,1.1,103.5,100.0,19349.25,231.747,144117211331.0
11418844.27181086,178.45177976600826,245,1.1,100.6,100.0,19349.25,229.716,144117326911.0
11418844.775057705,178.95502661168575,245,1.0,99.4,100.0,19349.25,232.95,144117441459.0
11418845.277813952,179.45778285898268,246,1.1,99.5,100.0,19349.25,234.23,144117556813.0
11418845.779810036,179.95977894216776,247,1.1,101.6,98.0,19349.25,231.499,144117667318.0
11418846.282236408,180.46220531500876,248,1.1,99.5,98.0,19349.25,229.849,144117776876.0
11418846.785513457,180.96548236347735,248,1.0,101.3,100.0,19349.25,233.811,144117893131.0
11418847.290106343,181.47007524967194,249,1.1,101.1,100.0,19349.25,229.834,144118007302.0
11418847.79335928,181.97332818619907,250,1.1,101.3,99.0,19349.25,232.198,144118121371.0
11418848.296750998,182.47671990469098,250,1.1,101.3,100.0,19349.25,235.256,144118237417.0
11418848.799270121,182.9792390279472,251,1.0,99.5,100.0,19349.25,232.549,144118348890.0
11418849.30151301,183.48148191720247,252,1.1,101.5,98.0,19349.25,232.928,144118461940.0
11418849.804090625,183.98405953124166,252,1.0,99.5,100.0,19349.25,234.308,144118574664.0
11418850.31022615,184.49019505642354,253,1.1,100.8,100.0,19349.25,232.966,144118687825.0
11418850.813218351,184.99318725802004,254,1.1,101.3,98.0,19349.25,229.933,144118800211.0
11418851.316100111,185.4960690177977,254,1.0,101.4,100.0,19349.25,232.71,144118915716.0
11418851.8189091,185.99887800589204,255,1.1,99.5,100.0,19349.25,234.777,144119028165.0
11418852.320940973,186.50090987980366,256,1.1,101.5,99.0,19349.25,231.847,144119141121.0
11418852.828673597,187.00864250399172,256,1.1,100.4,100.0,19349.25,234.993,144119259858.0
11418853.332264,187.5122329071164,257,1.1,101.2,100.0,19349.25,234.255,144119371781.0
11418853.835006015,188.01497492194176,258,1.2,101.5,98.0,19349.25,230.477,144119484016.0
11418854.337145263,188.51711416989565,259,1.1,99.5,99.0,19349.25,230.972,144119597305.0
11418854.840504292,189.0204731989652,259,1.1,101.4,100.0,19349.25,235.119,144119710777.0
11418855.342438504,189.52240741066635,260,1.1,99.6,100.0,19349.25,234.032,144119822016.0
11418855.848412229,190.0283811353147,261,1.1,100.8,100.0,19349.25,228.874,144119930864.0
11418856.350742197,190.53071110323071,261,1.4,101.5,100.0,19349.25,231.183,144120047552.0
11418856.853325931,191.03329483792186,262,1.4,99.5,99.0,19349.25,228.598,144120161207.0
11418857.355707873,191.53567677922547,263,1.1,101.4,98.0,19349.25,230.567,144120271923.0
11418857.85847872,192.03844762593508,263,1.1,101.5,100.0,19349.25,235.335,144120410332.0
11418858.360380992,192.54034989885986,264,1.1,99.6,100.0,19349.25,234.541,144120524227.0
11418858.867321784,193.04729069024324,265,1.1,100.5,99.0,19349.25,232.164,144120640097.0
11418859.369854387,193.5498232934624,265,1.1,99.5,100.0,19349.25,234.597,144120756331.0
11418859.87248224,194.05245114676654,266,1.1,101.5,100.0,19349.25,233.989,144120869083.0
11418860.375066755,194.555035661906,267,1.1,99.5,98.0,19349.25,230.667,144120979706.0
11418860.877875032,195.0578439384699,268,1.1,101.4,99.0,19349.25,230.09,144121089756.0
11418861.380530467,195.5604993738234,268,1.1,101.5,100.0,19349.25,233.67,144121203316.0
11418861.88630878,196.0662776865065,269,1.1,100.8,100.0,19349.25,231.94,144121320583.0
11418862.388973275,196.56894218176603,270,1.1,99.4,100.0,19349.25,232.59,144121431973.0
11418862.891529558,197.07149846479297,270,1.0,101.5,100.0,19349.25,234.063,144121548316.0
11418863.39404288,197.57401178590953,271,1.1,101.5,100.0,19349.25,229.289,144121658898.0
11418863.896399662,198.0763685684651,272,1.1,99.5,98.0,19349.25,229.748,144121770881.0
11418864.398934036,198.5789029430598,272,1.1,99.5,100.0,19349.25,232.206,144121886427.0
11418864.90559045,199.08555935695767,273,1.1,102.7,100.0,19349.25,232.176,144121997841.0
11418865.415849788,199.59581869468093,274,1.1,101.8,98.0,19349.25,231.058,144122110089.0
11418865.918422744,200.0983916502446,274,1.1,99.5,100.0,19349.25,232.685,144122223661.0
11418866.425008887,200.60497779399157,275,1.1,102.7,100.0,19349.25,235.138,144122339537.0
11418866.927235804,201.1072047110647,276,1.1,99.5,98.0,19349.25,230.501,144122450740.0
11418867.429737467,201.60970637388527,276,1.1,101.5,100.0,19349.25,233.506,144122565982.0
11418867.93223102,202.11219992674887,277,1.1,101.6,100.0,19349.25,235.12,144122678563.0
11418868.43404504,202.61401394568384,278,1.1,99.6,98.0,19349.25,232.911,144122791920.0
11418868.937148044,203.11711695045233,279,1.1,99.3,99.0,19349.25,232.714,144122905321.0
11418869.444041394,203.62401030026376,279,1.1,102.6,100.0,19349.25,231.335,144123016301.0
11418869.946587777,204.12655668333173,280,1.1,101.5,100.0,19349.25,230.364,144123129359.0
11418870.448811904,204.62878081016243,281,1.1,99.5,100.0,19349.25,230.94,144123242280.0
11418870.95141758,205.13138648681343,281,1.1,101.5,100.0,19349.25,233.867,144123357133.0
11418871.453998934,205.63396784104407,282,1.1,99.5,99.0,19349.25,234.003,144123491855.0
11418871.956869064,206.13683797046542,283,1.1,101.4,98.0,19349.25,232.104,144123606290.0
11418872.463178111,206.64314701780677,283,1.1,100.7,100.0,19349.25,233.663,144123723586.0
11418872.965739695,207.1457086019218,284,1.1,101.5,100.0,19349.25,235.416,144123836085.0
11418873.467827473,207.64779637940228,285,1.1,99.5,99.0,19349.25,230.793,144123949233.0
11418873.97066046,208.1506293658167,285,1.1,101.5,100.0,19349.25,233.105,144124065829.0
11418874.47293052,208.65289942733943,286,1.1,99.5,100.0,19349.25,233.789,144124175610.0
11418874.974941405,209.15491031110287,287,1.1,99.5,98.0,19349.25,232.424,144124287973.0
11418875.482071348,209.66204025410116,287,1.1,102.5,99.0,19349.25,233.084,144124402869.0
11418875.986160997,210.16612990386784,288,1.1,101.2,100.0,19349.25,234.017,144124519266.0
11418876.488181522,210.66815042868257,289,1.1,99.6,100.0,19349.25,231.601,144124630793.0
11418876.99039048,211.17035938613117,290,1.1,99.5,100.0,19349.25,230.475,144124740581.0
11418877.492980756,211.67294966243207,290,1.1,101.5,100.0,19349.25,233.984,144124855520.0
11418877.995539978,212.17550888471305,291,1.1,101.5,99.0,19349.25,230.785,144124967665.0
11418878.501607165,212.68157607130706,292,1.1,98.8,98.0,19349.25,231.681,144125079941.0
11418879.004168889,213.18413779512048,292,1.1,103.5,100.0,19349.25,232.41,144125194844.0
11418879.50664791,213.68661681748927,293,1.1,99.5,100.0,19349.25,230.279,144125307603.0
11418880.008824665,214.18879357166588,294,1.1,99.5,99.0,19349.25,232.226,144125419730.0
11418880.51136272,214.6913316268474,294,1.1,101.5,100.0,19349.25,232.974,144125532931.0
11418881.013877174,215.1938460804522,295,1.1,99.6,100.0,19349.25,233.533,144125643390.0
11418881.520508157,215.70047706365585,296,1.1,102.6,98.0,19349.25,232.768,144125757918.0
11418882.023082541,216.20305144786835,296,1.1,99.5,100.0,19349.25,233.44,144125873613.0
11418882.525770567,216.70573947392404,297,1.1,101.5,100.0,19349.25,235.178,144125986348.0
11418883.028354822,217.20832372829318,298,1.1,99.5,98.0,19349.25,231.428,144126099904.0
11418883.53106478,217.7110336869955,298,1.1,101.4,100.0,19349.25,232.075,144126212815.0
11418884.033783166,218.2137520723045,299,1.1,101.5,100.0,19349.25,231.871,144126322430.0
11418884.539057115,218.71902602165937,300,1.1,100.9,99.0,19349.25,231.955,144126437971.0
11418885.060931249,219.24090015515685,301,1.1,103.4,98.0,19349.25,231.636,144126574748.0
11418885.563349787,219.74331869371235,301,1.1,101.5,100.0,19349.25,233.546,144126692298.0
11418886.06568496,220.2456538658589,302,1.1,99.5,100.0,19349.25,232.899,144126804009.0
11418886.567917587,220.74788649380207,303,1.1,99.5,98.0,19349.25,230.705,144126915235.0
11418887.070681304,221.25065021030605,303,1.1,99.5,100.0,19349.25,232.231,144127029112.0
11418887.57794601,221.75791491568089,304,1.1,104.6,100.0,19349.25,234.476,144127144626.0
11418888.08090012,222.26086902618408,305,1.1,101.3,98.0,19349.25,232.399,144127258378.0
11418888.583471276,222.76344018243253,305,1.1,99.5,100.0,19349.25,235.623,144127373470.0
11418889.086222053,223.26619095914066,306,1.1,99.5,100.0,19349.25,235.221,144127485067.0
11418889.588333778,223.76830268464983,307,1.1,99.5,98.0,19349.25,231.498,144127597911.0
11418890.090969063,224.27093796990812,307,1.0,101.5,100.0,19349.25,232.586,144127710113.0
11418890.598023325,224.77799223177135,308,1.1,100.6,100.0,19349.25,232.159,144127821501.0
11418891.10062408,225.28059298731387,309,1.1,101.5,100.0,19349.25,232.227,144127935287.0
11418891.60295073,225.78291963599622,310,1.1,101.5,100.0,19349.25,232.32,144128048367.0
11418892.105466135,226.2854350414127,310,1.1,99.6,100.0,19349.25,233.733,144128162374.0
11418892.607497457,226.78746636398137,311,1.1,99.6,99.0,19349.25,232.284,144128275542.0
11418893.109712057,227.28968096338212,312,1.1,101.5,98.0,19349.25,229.092,144128382013.0
11418893.616664816,227.7966337222606,312,1.1,100.6,100.0,19349.25,232.481,144128499715.0
11418894.119358553,228.29932745918632,313,1.1,101.5,100.0,19349.25,230.117,144128613214.0
11418894.621358326,228.80132723227143,314,1.1,99.6,99.0,19349.25,231.932,144128726313.0
11418895.12324994,229.30321884714067,314,1.1,101.5,100.0,19349.25,232.581,144128841359.0
11418895.62574244,229.8057113457471,315,1.1,99.6,100.0,19349.25,230.623,144128950664.0
11418896.127790116,230.30775902234018,316,1.1,99.5,98.0,19349.25,230.305,144129061545.0
11418896.63549922,230.81546812690794,316,1.1,102.4,100.0,19349.25,232.26,144129177619.0
11418897.13836242,231.31833132728934,317,1.1,101.5,100.0,19349.25,234.033,144129292323.0
11418897.640562626,231.8205315321684,318,1.1,99.5,98.0,19349.25,232.421,144129404472.0
11418898.143336523,232.32330542989075,318,1.1,101.4,100.0,19349.25,234.693,144129538292.0
11418898.647920093,232.8278889991343,319,1.1,101.1,100.0,19349.25,233.356,144129657487.0
11418899.155956984,233.33592589013278,320,1.1,102.4,99.0,19349.25,230.136,144129773708.0
11418899.65820206,233.83817096613348,321,1.1,99.5,98.0,19349.25,229.931,144129882854.0
11418900.178027216,234.35799612291157,321,1.1,104.0,100.0,19349.25,233.056,144129999799.0
11418900.680157041,234.86012594774365,322,1.1,99.6,100.0,19349.25,231.832,144130112805.0
11418901.18234553,235.3623144365847,323,1.0,101.5,99.0,19349.25,232.751,144130225360.0
11418901.684990756,235.86495966278017,323,1.1,101.5,100.0,19349.25,234.354,144130340689.0
11418902.18703238,236.3670012857765,324,1.0,99.6,100.0,19349.25,234.516,144130450431.0
11418902.693738006,236.87370691262186,325,1.0,100.6,98.0,19349.25,231.386,144130563842.0
11418903.196548715,237.3765176218003,325,1.1,101.4,100.0,19349.25,232.969,144130680874.0
11418903.699073976,237.87904288247228,326,1.0,99.6,100.0,19349.25,234.796,144130792149.0
11418904.201460108,238.38142901472747,327,1.1,101.4,98.0,19349.25,231.688,144130905800.0
11418904.704160484,238.8841293901205,327,1.1,99.5,100.0,19349.25,234.222,144131020584.0
11418905.20676646,239.38673536665738,328,1.1,99.5,100.0,19349.25,233.49,144131129781.0
11418905.712843765,239.89281267113984,329,1.1,102.8,99.0,19349.25,231.641,144131245765.0
11418906.215696715,240.39566562138498,330,1.0,101.3,100.0,19349.25,233.498,144131361502.0
11418906.71845536,240.89842426590621,330,1.0,99.5,100.0,19349.25,232.312,144131473828.0
11418907.221010644,241.40097955055535,331,1.1,101.5,98.0,19349.25,231.751,144131587575.0
11418907.723240992,241.90320989862084,332,1.0,99.5,98.0,19349.25,230.711,144131698591.0
11418908.226780094,242.40674900077283,332,1.1,101.3,100.0,19349.25,233.773,144131812359.0
11418908.73171418,242.91168308630586,333,1.0,101.0,100.0,19349.25,230.441,144131928358.0
11418909.234524468,243.4144933745265,334,1.1,101.4,100.0,19349.25,230.842,144132039495.0
11418909.73704922,243.91701812669635,334,1.1,99.6,100.0,19349.25,231.608,144132153007.0
11418910.239008771,244.4189776778221,335,1.0,99.6,100.0,19349.25,228.942,144132265187.0
11418910.741075888,244.9210447948426,336,1.0,101.5,98.0,19349.25,231.96,144132402298.0
11418911.243642652,245.4236115589738,336,1.1,101.5,100.0,19349.25,235.09,144132520900.0
11418911.751709692,245.93167859874666,337,1.0,100.4,100.0,19349.25,234.106,144132632658.0
11418912.25445531,246.43442421592772,338,1.1,101.5,100.0,19349.25,232.058,144132746184.0
11418912.757125687,246.93709459342062,338,1.1,101.5,100.0,19349.25,231.788,144132858567.0
11418913.2655106,247.44547950662673,339,1.1,100.4,100.0,19349.25,233.571,144132973475.0
11418913.769780803,247.9497497100383,340,1.1,101.1,99.0,19349.25,233.331,144133089885.0
11418914.272801148,248.45277005434036,341,1.1,99.4,98.0,19349.25,231.016,144133199297.0
11418914.776217995,248.95618690177798,341,1.0,101.4,100.0,19349.25,233.411,144133315529.0
11418915.27824184,249.45821074582636,342,1.1,99.6,100.0,19349.25,230.966,144133427741.0
11418915.780561328,249.96053023450077,343,1.1,103.5,99.0,19349.25,231.475,144133539450.0
11418916.283148903,250.4631178099662,343,1.0,99.5,100.0,19349.25,233.653,144133654413.0
11418916.789719578,250.96968848444521,344,1.1,100.8,100.0,19349.25,232.542,144133766877.0
11418917.291803904,251.47177281044424,345,1.0,99.5,98.0,19349.25,232.835,144133880872.0
11418917.794381429,251.97435033507645,345,1.1,101.5,100.0,19349.25,234.107,144133996231.0
11418918.296974482,252.47694338858128,346,1.1,101.5,100.0,19349.25,236.973,144134110597.0
11418918.799092738,252.97906164452434,347,1.0,99.6,98.0,19349.25,233.586,144134222666.0
11418919.301099092,253.48106799833477,347,1.1,99.6,100.0,19349.25,234.97,144134335078.0
11418919.80845218,253.98842108622193,348,1.0,102.4,100.0,19349.25,232.227,144134446916.0
11418920.311335249,254.49130415543914,349,1.0,99.4,99.0,19349.25,231.054,144134562204.0
11418920.813871222,254.99384012818336,350,1.3,101.5,100.0,19349.25,234.231,144134679003.0
11418921.318046443,255.49801534973085,350,1.1,101.2,100.0,19349.25,234.482,144134788386.0
11418921.820449816,256.00041872262955,351,1.0,101.6,98.0,19349.25,232.251,144134898945.0
11418922.327443857,256.50741276331246,352,1.0,100.5,99.0,19349.25,231.596,144135012645.0
11418922.848999472,257.0289683789015,352,1.1,103.5,100.0,19349.25,234.357,144135152715.0
11418923.351525664,257.53149457089603,353,1.0,99.6,100.0,19349.25,233.163,144135265435.0
11418923.853376536,258.0333454422653,354,1.0,101.5,98.0,19349.25,230.589,144135377835.0
11418924.3559459,258.5359148066491,354,1.1,101.5,100.0,19349.25,234.748,144135492515.0
11418924.858499713,259.03846861980855,355,1.0,99.6,100.0,19349.25,234.764,144135602555.0
11418925.360397307,259.5403662137687,356,1.1,99.6,98.0,19349.25,232.895,144135715497.0
11418925.866592433,260.0465613398701,356,1.1,100.8,100.0,19349.25,235.087,144135833624.0
11418926.36987886,260.549847766757,357,1.1,103.3,100.0,19349.25,231.919,144135942315.0
11418926.872451704,261.05242061056197,358,1.0,99.5,100.0,19349.25,229.863,144136056302.0
11418927.375169912,261.55513881891966,359,1.1,101.4,100.0,19349.25,232.789,144136168749.0
11418927.887415774,262.0673846807331,359,1.1,101.5,100.0,19349.25,234.33,144136283544.0
11418928.390025849,262.5699947550893,360,1.1,99.5,98.0,19349.25,232.563,144136396486.0
11418928.892269367,263.07223827391863,361,1.1,101.5,98.0,19349.25,230.94,144136505849.0
11418929.395680986,263.5756498929113,361,1.0,101.3,100.0,19349.25,234.48,144136621745.0
11418929.898572287,264.07854119315743,362,1.1,99.5,100.0,19349.25,229.446,144136731296.0
11418930.40518903,264.5851579364389,363,1.1,100.6,99.0,19349.25,231.073,144136845921.0
11418930.91431614,265.09428504668176,363,1.1,102.1,100.0,19349.25,235.452,144136962110.0
11418931.416825252,265.5967941582203,364,1.1,101.6,100.0,19349.25,231.258,144137069579.0
11418931.94765346,266.12762236595154,365,1.1,107.3,98.0,19349.25,230.02,144137207205.0
11418932.450148392,266.6301172990352,365,1.0,97.6,99.0,19349.25,233.174,144137321529.0
11418932.952529121,267.1324980277568,366,1.1,101.6,100.0,19349.25,232.301,144137433192.0
11418933.45467232,267.63464122638106,367,1.0,99.5,100.0,19349.25,231.124,144137544481.0
11418933.957346585,268.1373154912144,368,1.1,101.5,100.0,19349.25,231.621,144137654160.0
11418934.466756558,268.64672546461225,368,1.1,100.2,100.0,19349.25,234.025,144137769734.0
11418934.969045268,269.1490141749382,369,1.0,101.5,99.0,19349.25,230.155,144137883427.0
11418935.471280485,269.6512493919581,370,1.1,101.5,98.0,19349.25,230.136,144137993464.0
11418935.974823127,270.1547920331359,370,1.0,101.3,100.0,19349.25,234.147,144138109077.0
11418936.47734473,270.65731363743544,371,1.0,101.5,100.0,19349.25,230.567,144138219075.0
11418936.983442016,271.1634109225124,372,1.0,98.8,99.0,19349.25,232.325,144138335134.0
11418937.493535312,271.67350421845913,372,1.1,103.9,100.0,19349.25,234.942,144138451378.0
11418937.996086784,272.17605569027364,373,1.1,99.6,100.0,19349.25,234.205,144138560135.0
11418938.50277951,272.6827484164387,374,1.0,100.7,98.0,19349.25,232.926,144138675083.0
11418939.00511821,273.18508711643517,374,1.1,101.5,100.0,19349.25,233.729,144138791522.0
11418939.507674463,273.6876433696598,375,1.0,101.5,100.0,19349.25,230.687,144138903107.0
11418940.01038355,274.1903524566442,376,1.0,99.5,98.0,19349.25,229.547,144139014733.0
11418940.513004605,274.69297351129353,376,1.1,99.5,100.0,19349.25,233.923,144139128799.0
11418941.016804252,275.19677315838635,377,1.0,103.2,100.0,19349.25,234.14,144139238896.0
11418941.521104977,275.70107388310134,378,1.0,99.2,99.0,19349.25,231.78,144139354710.0
11418942.024477372,276.2044462785125,379,1.1,101.3,100.0,19349.25,234.552,144139471447.0
11418942.531318182,276.7112870886922,379,1.1,100.6,100.0,19349.25,234.752,144139607488.0
11418943.033901626,277.2138705328107,380,1.1,101.5,98.0,19349.25,230.225,144139718955.0
11418943.541753022,277.7217219285667,381,1.1,100.4,99.0,19349.25,231.34,144139835588.0
11418944.054696156,278.2346650622785,381,1.1,103.3,100.0,19349.25,235.208,144139951014.0
11418944.560828311,278.7407972179353,382,1.1,102.8,100.0,19349.25,234.161,144140064500.0
11418945.063421158,279.24339006468654,383,1.1,99.4,98.0,19349.25,230.629,144140177265.0
11418945.566018563,279.74598746933043,383,1.1,101.5,100.0,19349.25,232.242,144140292064.0
11418946.068586577,280.2485554832965,384,1.1,99.6,100.0,19349.25,232.345,144140401486.0
11418946.570697771,280.7506666779518,385,1.1,99.5,98.0,19349.25,230.704,144140515011.0
11418947.073312229,281.25328113511205,385,1.0,99.5,100.0,19349.25,234.794,144140630556.0
11418947.5804946,281.76046350598335,386,1.0,104.5,100.0,19349.25,234.466,144140742144.0
11418948.083173355,282.26314226165414,387,1.0,99.5,100.0,19349.25,232.043,144140856724.0
11418948.586046029,282.76601493544877,388,1.0,99.4,100.0,19349.25,232.94,144140971540.0
11418949.092485648,283.2724545542151,388,1.1,102.7,100.0,19349.25,234.331,144141087205.0
11418949.599188443,283.7791573498398,389,1.0,100.6,98.0,19349.25,231.403,144141199952.0
11418950.10177198,284.28174088709056,390,1.1,101.4,98.0,19349.25,229.626,144141310113.0
11418950.604297802,284.7842667084187,390,1.1,99.5,100.0,19349.25,233.617,144141426870.0
11418951.106803264,285.2867721710354,391,1.0,101.5,100.0,19349.25,231.055,144141540190.0
11418951.609029405,285.7889983113855,392,1.1,99.5,99.0,19349.25,232.658,144141652096.0
11418952.111520667,286.2914895731956,392,1.0,101.5,100.0,19349.25,234.186,144141766165.0
11418952.61820194,286.7981708459556,393,1.1,100.7,100.0,19349.25,229.662,144141877413.0
11418953.120096412,287.3000653181225,394,1.0,101.5,98.0,19349.25,229.989,144141991785.0
11418953.622497804,287.8024667110294,394,1.0,97.6,100.0,19349.25,232.392,144142108003.0
11418954.12450524,288.3044741470367,395,1.0,103.5,100.0,19349.25,233.999,144142219664.0
11418954.627058832,288.80702773854136,396,1.0,99.5,98.0,19349.25,232.102,144142355105.0
11418955.129990092,289.30995899811387,396,1.1,99.4,100.0,19349.25,231.751,144142469972.0
11418955.63791219,289.81788109615445,397,1.1,102.4,100.0,19349.25,234.256,144142586560.0
11418956.14079302,290.3207619264722,398,1.1,101.5,99.0,19349.25,230.697,144142701395.0
11418956.642985648,290.82295455411077,399,1.0,99.5,98.0,19349.25,230.735,144142815791.0
11418957.147498824,291.32746773026884,399,1.1,101.1,100.0,19349.25,235.296,144142930537.0
11418957.65010285,291.83007175661623,400,1.1,101.5,100.0,19349.25,232.459,144143041226.0
11418958.156658685,292.33662759140134,401,1.1,100.6,99.0,19349.25,232.76,144143156564.0
11418958.659231769,292.8392006754875,401,1.1,99.5,100.0,19349.25,234.107,144143274274.0
11418959.161919324,293.341888230294,402,1.0,101.5,100.0,19349.25,231.295,144143381645.0
11418959.666211396,293.84618030302227,403,1.0,101.1,98.0,19349.25,229.846,144143494101.0
11418960.1687795,294.3487484063953,403,1.1,101.5,100.0,19349.25,231.703,144143607904.0
11418960.67615036,294.85611926577985,404,1.1,100.6,100.0,19349.25,232.879,144143722129.0
11418961.178181244,295.3581501506269,405,1.0,99.5,98.0,19349.25,231.808,144143835278.0
11418961.680795958,295.86076486483216,405,1.1,101.5,100.0,19349.25,235.873,144143951272.0
11418962.182894414,296.3628633208573,406,1.0,101.5,100.0,19349.25,234.445,144144063125.0
11418962.68554046,296.8655093666166,407,1.0,99.5,99.0,19349.25,231.02,144144175543.0
11418963.188191785,297.3681606911123,408,1.1,101.5,100.0,19349.25,233.89,144144290261.0
11418963.716183132,297.8961520381272,408,1.1,104.2,100.0,19349.25,233.868,144144400714.0
11418964.218736527,298.39870543405414,409,1.1,101.5,98.0,19349.25,232.937,144144516292.0
11418964.720970305,298.90093921124935,410,1.1,99.5,99.0,19349.25,233.202,144144628925.0
11418965.223651191,299.4036200977862,410,1.1,101.5,100.0,19349.25,233.685,144144766603.0
11418965.726575073,299.90654397942126,411,1.1,101.5,100.0,19349.25,232.592,144144880069.0
