step_ms,forward_ms,backward_ms,optimizer_ms,gpu_mem_alloc_MB,gpu_mem_reserved_MB,gpu_mem_max_MB,proc_cpu_percent,sys_cpu_percent,ram_used_MB,ram_percent
315.97147,118.749602,127.551291,69.521356,5070.90673828125,6374.0,6334.36767578125,96.8,0.5,14319.34375,2.8
238.939386,65.079866,116.628658,56.566251,5070.91455078125,7974.0,7309.55615234375,99.9,0.5,14319.71875,2.8
238.778075,64.996924,115.669223,57.436966,5070.91455078125,7974.0,7309.55615234375,100.0,0.5,14319.9375,2.8
238.291676,65.171848,115.906267,56.362908,5070.91455078125,7974.0,7309.55615234375,104.3,0.5,14320.18359375,2.8
238.541061,65.273429,116.036939,56.624443,5070.91455078125,7974.0,7309.55615234375,100.1,0.5,14320.18359375,2.8
238.770763,65.404681,116.06571,56.635873,5070.91455078125,7974.0,7309.55615234375,100.0,0.5,14320.18359375,2.8
238.928427,65.528743,116.244602,56.538651,5070.91455078125,7974.0,7309.55615234375,99.9,0.5,14320.4296875,2.8
238.837985,65.445121,116.07221,56.392779,5070.91455078125,7974.0,7309.55615234375,99.9,0.6,14320.4296875,2.8
237.847589,64.79727,115.813085,56.608743,5070.91455078125,7974.0,7309.55615234375,100.4,0.5,14320.4296875,2.8
237.787358,65.015535,115.572882,56.558781,5070.91455078125,7974.0,7309.55615234375,100.4,0.5,14320.4296875,2.8
237.643086,64.900224,115.780155,56.340328,5070.91455078125,7974.0,7309.55615234375,96.3,0.5,14320.67578125,2.8
238.302227,65.027295,115.833136,56.798795,5070.91455078125,7974.0,7309.55615234375,100.2,0.5,14320.67578125,2.8
235.936609,63.065703,115.624263,56.620593,5070.91455078125,7974.0,7309.55615234375,101.2,0.5,14320.67578125,2.8
239.840841,66.208974,116.616518,56.373839,5070.91455078125,7974.0,7309.55615234375,99.5,0.5,14320.67578125,2.8
237.676636,64.863313,115.47255,56.720864,5070.91455078125,7974.0,7309.55615234375,100.4,0.5,14320.67578125,2.8
238.768415,64.515867,116.859462,56.764055,5070.91455078125,7974.0,7309.55615234375,104.1,0.5,14320.921875,2.8
240.143205,65.940539,116.517807,57.041679,5070.91455078125,7974.0,7309.55615234375,99.4,0.5,14320.921875,2.8
238.214706,63.564722,117.31287,56.695445,5070.91455078125,7974.0,7309.55615234375,100.2,0.5,14320.921875,2.8
233.303918,63.344418,112.867539,56.414579,5070.91455078125,7974.0,7309.55615234375,98.0,0.5,14320.921875,2.8
238.441519,65.428461,115.634842,56.742424,5070.91455078125,7974.0,7309.55615234375,100.0,0.5,14321.16796875,2.8
238.823495,65.493323,116.306404,56.398709,5070.91455078125,7974.0,7309.55615234375,100.0,0.5,14321.16796875,2.8
238.372918,65.284349,115.638782,56.760375,5070.91455078125,7974.0,7309.55615234375,100.1,0.5,14321.16796875,2.8
239.053988,64.198551,117.33848,56.893976,5070.91455078125,7974.0,7309.55615234375,99.8,0.5,14321.16796875,2.8
238.613422,66.069531,115.44469,56.467431,5070.91455078125,7974.0,7309.55615234375,100.0,0.5,14321.4140625,2.8
237.93658,65.282839,115.424519,56.608002,5070.91455078125,7974.0,7309.55615234375,100.3,0.5,14321.4140625,2.8
236.64015,64.335544,114.706168,56.793975,5070.91455078125,7974.0,7309.55615234375,96.6,0.6,14321.4140625,2.8
239.262241,66.325195,115.405039,56.877176,5070.91455078125,7974.0,7309.55615234375,99.7,0.5,14321.4140625,2.8
239.305253,65.34913,116.894453,56.435209,5070.91455078125,7974.0,7309.55615234375,103.9,0.5,14321.66015625,2.8
238.287006,65.669716,115.385389,56.579821,5070.91455078125,7974.0,7309.55615234375,100.2,0.6,14321.66015625,2.8
238.50805,63.987459,117.33378,56.549672,5070.91455078125,7974.0,7309.55615234375,100.1,0.5,14321.66015625,2.8
239.430804,66.689641,115.792415,56.324198,5070.91455078125,7974.0,7309.55615234375,99.7,0.5,14321.66015625,2.8
237.856769,62.809909,118.120073,56.300448,5070.91455078125,7974.0,7309.55615234375,100.3,0.5,14321.66015625,2.8
237.27896,64.841612,114.943122,56.844826,5070.91455078125,7974.0,7309.55615234375,100.6,0.5,14321.90625,2.8
239.077339,65.892399,115.564022,56.985728,5070.91455078125,7974.0,7309.55615234375,99.8,0.5,14321.90625,2.8
238.968747,65.621965,116.417015,56.299698,5070.91455078125,7974.0,7309.55615234375,99.9,0.5,14321.875,2.8
238.895655,65.94949,115.492301,56.817796,5070.91455078125,7974.0,7309.55615234375,99.9,0.5,14322.12109375,2.8
238.48811,63.957038,117.33325,56.579543,5070.91455078125,7974.0,7309.55615234375,100.1,0.5,14322.12109375,2.8
239.957673,67.035056,115.939848,56.360168,5070.91455078125,7974.0,7309.55615234375,99.5,0.5,14322.1171875,2.8
237.919291,62.82044,118.078031,56.397279,5070.91455078125,7974.0,7309.55615234375,100.3,0.5,14322.1171875,2.8
237.175519,64.661209,115.085755,56.750784,5070.91455078125,7974.0,7309.55615234375,100.6,0.5,14322.1171875,2.8
238.960067,66.333435,115.540171,56.40822,5070.91455078125,7974.0,7309.55615234375,99.9,0.5,14322.36328125,2.8
239.224391,65.529273,116.579218,56.487391,5070.91455078125,7974.0,7309.55615234375,99.8,0.5,14322.36328125,2.8
238.615561,66.048671,115.306318,56.594322,5070.91455078125,7974.0,7309.55615234375,100.0,0.5,14322.36328125,2.8
238.53861,64.012239,117.267148,56.626473,5070.91455078125,7974.0,7309.55615234375,100.0,0.5,14322.36328125,2.8
239.558656,66.648291,115.911317,56.376608,5070.91455078125,7974.0,7309.55615234375,99.7,0.5,14322.36328125,2.8
238.599582,62.936383,118.086872,56.943288,5070.91455078125,7974.0,7309.55615234375,100.0,0.5,14322.36328125,2.8
236.286134,64.321944,114.672788,56.602852,5070.91455078125,7974.0,7309.55615234375,101.0,0.5,14322.42578125,2.8
239.367143,66.257285,115.607103,56.858657,5070.91455078125,7974.0,7309.55615234375,99.7,0.5,14322.36328125,2.8
239.256901,65.127077,116.832512,56.660132,5070.91455078125,7974.0,7309.55615234375,99.8,0.5,14322.609375,2.8
238.565941,65.926799,115.397039,56.576402,5070.91455078125,7974.0,7309.55615234375,100.1,0.6,14322.609375,2.8
238.460699,63.941369,117.218588,56.682984,5070.91455078125,7974.0,7309.55615234375,100.1,0.5,14322.609375,2.8
240.329109,67.018267,115.845806,56.659623,5070.91455078125,7974.0,7309.55615234375,103.5,0.5,14322.609375,2.8
237.82363,63.193656,117.509822,56.454191,5070.91455078125,7974.0,7309.55615234375,100.3,0.5,14322.85546875,2.8
236.63686,64.663879,114.8303,56.520591,5070.91455078125,7974.0,7309.55615234375,96.7,0.5,14322.85546875,2.8
238.781514,66.208384,115.46393,56.482491,5070.91455078125,7974.0,7309.55615234375,100.0,0.5,14322.85546875,2.8
239.304082,65.3412,116.631059,56.662363,5070.91455078125,7974.0,7309.55615234375,103.9,0.5,14322.85546875,2.8
238.761844,66.245004,115.613002,56.277747,5070.91455078125,7974.0,7309.55615234375,95.8,0.5,14323.1015625,2.8
238.872315,63.997389,117.180347,57.072839,5070.91455078125,7974.0,7309.55615234375,99.9,0.5,14323.1015625,2.8
240.323718,67.171079,115.578902,56.955598,5070.91455078125,7974.0,7309.55615234375,103.5,0.5,14323.1015625,2.8
238.153934,65.411271,115.569211,56.550331,5070.91455078125,7974.0,7309.55615234375,96.1,0.5,14322.85546875,2.8
236.009641,64.327854,114.357563,56.687564,5070.91455078125,7974.0,7309.55615234375,101.1,0.5,14322.85546875,2.8
238.865765,66.111933,115.474651,56.622093,5070.91455078125,7974.0,7309.55615234375,99.9,0.5,14323.1015625,2.8
239.244681,65.527473,116.74511,56.350118,5070.91455078125,7974.0,7309.55615234375,99.8,0.6,14323.34765625,2.8
239.063438,66.204874,115.644023,56.593192,5070.91455078125,7974.0,7309.55615234375,104.0,0.7,14323.34765625,2.8
238.417238,64.057029,117.173167,56.553751,5070.91455078125,7974.0,7309.55615234375,100.1,0.5,14323.34765625,2.8
240.154396,67.162359,115.734885,56.588923,5070.91455078125,7974.0,7309.55615234375,95.3,0.7,14323.34375,2.8
238.250776,65.583584,115.654773,56.389399,5070.91455078125,7974.0,7309.55615234375,100.2,0.6,14323.34375,2.8
237.18261,64.74698,114.907851,56.897567,5070.91455078125,7974.0,7309.55615234375,100.6,0.5,14323.34375,2.8
238.973087,66.285465,115.732385,56.331048,5070.91455078125,7974.0,7309.55615234375,99.9,0.5,14323.34375,2.8
240.251148,65.697746,116.726861,57.12185,5070.91455078125,7974.0,7309.55615234375,99.4,0.5,14323.58984375,2.8
238.632071,65.706085,115.714244,56.565041,5070.91455078125,7974.0,7309.55615234375,100.0,0.5,14323.58984375,2.8
238.406098,64.158361,117.192717,56.43637,5070.91455078125,7974.0,7309.55615234375,100.1,0.7,14323.58984375,2.8
238.835915,66.271625,115.594812,56.344929,5070.91455078125,7974.0,7309.55615234375,99.9,0.5,14323.56640625,2.8
238.859825,65.592634,115.820745,56.760975,5070.91455078125,7974.0,7309.55615234375,104.1,0.6,14323.80078125,2.8
235.639224,64.475077,114.092879,56.4323,5070.91455078125,7974.0,7309.55615234375,97.0,0.5,14319.125,2.8
239.490455,66.296016,115.851626,56.707223,5070.91455078125,7974.0,7309.55615234375,103.8,0.5,14319.125,2.8
239.466995,65.714696,116.583538,56.230477,5070.91455078125,7974.0,7309.55615234375,95.6,0.5,14319.125,2.8
238.924376,66.017991,115.809126,56.45307,5070.91455078125,7974.0,7309.55615234375,99.9,0.5,14318.87890625,2.8
238.992538,64.140511,117.34018,56.829126,5070.91455078125,7974.0,7309.55615234375,99.9,0.5,14319.125,2.8
240.795206,66.854604,116.7041,56.608772,5070.91455078125,7974.0,7309.55615234375,99.1,0.5,14319.125,2.8
236.155023,63.389139,115.811305,56.270497,5070.91455078125,7974.0,7309.55615234375,101.1,0.5,14319.125,2.8
237.290111,64.774061,114.979082,56.895466,5070.91455078125,7974.0,7309.55615234375,100.6,0.5,14319.125,2.8
239.743049,66.535329,115.872626,56.700604,5070.91455078125,7974.0,7309.55615234375,99.6,0.5,14319.125,2.8
239.474175,65.455492,116.516637,56.875397,5070.91455078125,7974.0,7309.55615234375,99.7,0.5,14319.37109375,2.8
240.161805,65.820207,115.988458,57.491826,5070.91455078125,7974.0,7309.55615234375,99.4,0.5,14319.37109375,2.8
239.701119,64.568248,117.3707,57.018719,5070.91455078125,7974.0,7309.55615234375,99.6,0.5,14319.37109375,2.8
238.434009,65.498232,115.768215,56.541311,5070.91455078125,7974.0,7309.55615234375,104.3,0.5,14319.3671875,2.8
236.466667,63.484551,115.756665,56.610363,5070.91455078125,7974.0,7309.55615234375,101.0,0.5,14319.61328125,2.8
236.823893,64.65944,114.936262,56.606202,5070.91455078125,7974.0,7309.55615234375,100.8,0.5,14319.61328125,2.8
239.259262,66.412047,115.549161,56.663513,5070.91455078125,7974.0,7309.55615234375,99.8,0.5,14319.61328125,2.8
240.468151,65.96675,117.168437,56.673794,5070.91455078125,7974.0,7309.55615234375,99.3,0.5,14319.61328125,2.8
239.15209,65.623704,115.947368,56.935697,5070.91455078125,7974.0,7309.55615234375,99.8,0.6,14319.609375,2.8
238.955417,64.469857,117.209868,56.331188,5070.91455078125,7974.0,7309.55615234375,99.9,0.5,14319.609375,2.8
238.284926,65.743456,115.46992,56.4536,5070.91455078125,7974.0,7309.55615234375,96.0,0.5,14319.609375,2.8
237.959721,63.384699,117.570863,56.382079,5070.91455078125,7974.0,7309.55615234375,104.5,0.5,14319.85546875,2.8
235.864368,64.595699,114.259581,56.372178,5070.91455078125,7974.0,7309.55615234375,97.0,0.5,14319.85546875,2.8
240.111376,66.470748,115.990038,56.986209,5070.91455078125,7974.0,7309.55615234375,103.6,0.5,14319.85546875,2.8
240.330118,65.93138,117.257319,56.49814,5070.91455078125,7974.0,7309.55615234375,95.2,0.5,14319.85546875,2.8
238.541021,65.541393,116.006099,56.370709,5070.91455078125,7974.0,7309.55615234375,104.2,0.5,14320.1015625,2.8
239.201701,64.441736,117.417931,56.719464,5070.91455078125,7974.0,7309.55615234375,99.8,0.5,14320.1015625,2.8
238.901805,65.780167,115.822936,56.675834,5070.91455078125,7974.0,7309.55615234375,95.8,0.5,14320.1015625,2.8
238.616722,63.45251,117.654745,56.876067,5070.91455078125,7974.0,7309.55615234375,104.2,0.5,14320.1015625,2.8
235.949939,64.562618,113.958216,56.772454,5070.91455078125,7974.0,7309.55615234375,101.2,0.5,14320.59375,2.8
238.842955,66.141843,115.709584,56.367138,5070.91455078125,7974.0,7309.55615234375,95.8,0.5,14320.59375,2.8
240.401429,65.95184,117.143586,56.643883,5070.91455078125,7974.0,7309.55615234375,99.3,0.5,14320.59375,2.8
238.699454,65.564713,115.947958,56.553482,5070.91455078125,7974.0,7309.55615234375,100.0,0.5,14320.59375,2.8
239.578986,64.492857,117.444981,57.015728,5070.91455078125,7974.0,7309.55615234375,99.7,0.5,14320.65625,2.8
238.297007,65.692396,115.646593,56.330568,5070.91455078125,7974.0,7309.55615234375,104.3,0.5,14320.59375,2.8
238.410318,63.236277,117.619214,56.624933,5070.91455078125,7974.0,7309.55615234375,96.0,0.5,14320.83984375,2.8
235.780027,64.683719,114.076858,56.358949,5070.91455078125,7974.0,7309.55615234375,101.2,0.5,14320.83984375,2.8
240.292038,66.754713,116.044349,56.860856,5070.91455078125,7974.0,7309.55615234375,103.5,0.5,14320.83984375,2.8
240.298608,65.901319,117.195599,56.561661,5070.91455078125,7974.0,7309.55615234375,99.4,0.5,14320.8359375,2.8
238.708233,65.808458,115.783885,56.490501,5070.91455078125,7974.0,7309.55615234375,100.0,0.6,14321.08203125,2.8
239.075768,64.488017,117.390671,56.560682,5070.91455078125,7974.0,7309.55615234375,99.8,0.5,14321.08203125,2.8
239.054548,65.709856,115.949718,56.731895,5070.91455078125,7974.0,7309.55615234375,99.8,0.5,14321.08203125,2.8
239.668648,63.949429,118.074131,57.017738,5070.91455078125,7974.0,7309.55615234375,99.6,0.5,14321.07421875,2.8
239.327313,65.705316,116.285243,56.710874,5070.91455078125,7974.0,7309.55615234375,99.8,0.5,14321.3203125,2.8
238.885925,65.643435,116.172131,56.428079,5070.91455078125,7974.0,7309.55615234375,99.9,0.5,14321.3203125,2.8
239.18504,65.643365,116.319643,56.598202,5070.91455078125,7974.0,7309.55615234375,99.8,0.5,14321.3203125,2.8
238.871526,65.383161,116.318713,56.532801,5070.91455078125,7974.0,7309.55615234375,99.9,0.5,14321.3203125,2.8
238.998357,65.573843,116.069569,56.652183,5070.91455078125,7974.0,7309.55615234375,99.9,0.5,14321.56640625,2.8
239.706839,65.723216,116.473136,56.881746,5070.91455078125,7974.0,7309.55615234375,99.6,0.5,14321.56640625,2.8
238.949736,65.499363,115.897346,56.929697,5070.91455078125,7974.0,7309.55615234375,99.9,0.5,14321.56640625,2.8
239.203981,65.404891,116.505697,56.605292,5070.91455078125,7974.0,7309.55615234375,104.0,0.5,14321.56640625,2.8
238.912156,65.35875,116.207532,56.704215,5070.91455078125,7974.0,7309.55615234375,99.9,0.5,14321.8125,2.8
239.009878,65.496942,116.295203,56.584281,5070.91455078125,7974.0,7309.55615234375,95.7,0.5,14321.8125,2.8
239.188281,65.660765,116.368104,56.524771,5070.91455078125,7974.0,7309.55615234375,99.8,0.5,14321.8125,2.8
239.553386,65.766817,116.11831,56.656893,5070.91455078125,7974.0,7309.55615234375,103.8,0.5,14321.8125,2.8
240.579362,66.324045,116.428785,56.780915,5070.91455078125,7974.0,7309.55615234375,99.2,0.5,14322.05859375,2.8
239.023218,65.97537,116.1105,56.302538,5070.91455078125,7974.0,7309.55615234375,99.9,0.6,14322.05859375,2.8
239.307432,65.98471,116.351504,56.355688,5070.91455078125,7974.0,7309.55615234375,95.6,0.5,14322.05859375,2.8
239.587157,66.310095,116.213452,56.43887,5070.91455078125,7974.0,7309.55615234375,103.8,0.5,14322.05859375,2.8
239.921302,66.481468,116.208402,56.606223,5070.91455078125,7974.0,7309.55615234375,99.5,0.6,14322.08984375,2.8
240.075514,66.394306,116.06929,56.976598,5070.91455078125,7974.0,7309.55615234375,99.4,0.6,14323.56640625,2.8
239.944323,66.727241,116.10982,56.482181,5070.91455078125,7974.0,7309.55615234375,99.5,0.5,14323.56640625,2.8
240.346938,66.803863,116.10174,56.782035,5070.91455078125,7974.0,7309.55615234375,99.3,0.6,14323.56640625,2.8
239.528326,66.171334,116.145121,56.575622,5070.91455078125,7974.0,7309.55615234375,99.7,0.5,14323.3203125,2.8
239.14441,65.764506,116.08928,56.667494,5070.91455078125,7974.0,7309.55615234375,104.0,0.5,14323.56640625,2.8
238.897496,65.915709,116.010329,56.361678,5070.91455078125,7974.0,7309.55615234375,99.9,0.5,14323.56640625,2.8
239.523296,66.137683,116.269083,56.488221,5070.91455078125,7974.0,7309.55615234375,99.7,0.5,14323.56640625,2.8
239.16414,66.017921,116.11272,56.398548,5070.91455078125,7974.0,7309.55615234375,99.8,0.5,14323.56640625,2.8
239.13684,65.789417,116.206072,56.510961,5070.91455078125,7974.0,7309.55615234375,99.8,0.5,14323.8125,2.8
239.030648,65.832848,116.058059,56.507791,5070.91455078125,7974.0,7309.55615234375,99.9,0.5,14323.8125,2.8
239.292742,65.826737,116.04597,56.729474,5070.91455078125,7974.0,7309.55615234375,99.8,0.5,14323.8125,2.8
239.404105,65.932149,116.397195,56.44156,5070.91455078125,7974.0,7309.55615234375,99.7,0.5,14323.8125,2.8
238.505439,65.437412,116.020759,56.431249,5070.91455078125,7974.0,7309.55615234375,100.1,0.5,14324.05859375,2.8
238.611282,65.535093,116.08594,56.364059,5070.91455078125,7974.0,7309.55615234375,100.0,0.5,14324.05859375,2.8
237.808539,64.346954,116.460026,56.372198,5070.91455078125,7974.0,7309.55615234375,100.4,0.5,14324.0546875,2.8
235.069586,64.04193,113.889996,56.196596,5070.91455078125,7974.0,7309.55615234375,101.6,0.5,14324.0546875,2.8
239.289942,65.853298,116.137591,56.670123,5070.91455078125,7974.0,7309.55615234375,99.8,0.5,14324.30078125,2.8
241.863913,66.515839,117.735236,56.987478,5070.91455078125,7974.0,7309.55615234375,98.7,0.5,14324.30078125,2.8
239.328453,65.854668,116.346964,56.508301,5070.91455078125,7974.0,7309.55615234375,99.7,0.5,14324.30078125,2.8
240.45608,65.467662,117.696586,56.661213,5070.91455078125,7974.0,7309.55615234375,103.4,0.5,14324.30078125,2.8
239.323473,65.771117,116.331634,56.602682,5070.91455078125,7974.0,7309.55615234375,99.8,0.5,14324.546875,2.8
239.028828,64.230012,117.606854,56.567782,5070.91455078125,7974.0,7309.55615234375,99.9,0.5,14324.546875,2.8
234.216522,63.474711,113.649322,56.464699,5070.91455078125,7974.0,7309.55615234375,97.7,0.6,14324.546875,2.8
239.449265,65.921649,116.202441,56.691183,5070.91455078125,7974.0,7309.55615234375,99.7,0.5,14324.546875,2.8
242.395401,67.074047,118.054471,56.614733,5070.91455078125,7974.0,7309.55615234375,98.5,0.5,14324.54296875,2.8
239.283112,65.640835,116.438415,56.51325,5070.91455078125,7974.0,7309.55615234375,103.9,0.5,14324.54296875,2.8
241.166941,66.265584,117.559403,56.704143,5070.91455078125,7974.0,7309.55615234375,99.0,0.5,14324.54296875,2.8
239.552716,66.217224,116.311344,56.401929,5070.91455078125,7974.0,7309.55615234375,99.7,0.5,14324.54296875,2.8
240.690015,65.37183,118.261784,56.43578,5070.91455078125,7974.0,7309.55615234375,99.2,0.5,14324.7890625,2.8
234.419375,63.310807,114.012868,56.469591,5070.91455078125,7974.0,7309.55615234375,101.8,0.5,14324.7890625,2.8
240.227096,66.117153,116.759771,56.717384,5070.91455078125,7974.0,7309.55615234375,99.4,0.5,14324.7890625,2.8
240.695864,67.070408,116.519777,56.47156,5070.91455078125,7974.0,7309.55615234375,99.2,0.5,14324.7890625,2.8
240.544112,66.572189,116.478666,56.848707,5070.91455078125,7974.0,7309.55615234375,99.3,0.5,14325.03515625,2.8
241.943804,66.993046,117.647124,56.625413,5070.91455078125,7974.0,7309.55615234375,98.7,0.7,14325.47265625,2.8
240.234826,66.730762,116.419806,56.44718,5070.91455078125,7974.0,7309.55615234375,103.5,0.5,14325.47265625,2.8
242.074406,67.077028,117.751707,56.614302,5070.91455078125,7974.0,7309.55615234375,98.6,0.5,14325.47265625,2.8
239.974663,65.96005,116.932013,56.45904,5070.91455078125,7974.0,7309.55615234375,103.6,0.5,14326.59765625,2.8
240.486711,65.596984,117.682625,56.582432,5070.91455078125,7974.0,7309.55615234375,99.3,0.5,14326.59765625,2.8
238.940347,65.575943,116.197392,56.540122,5070.91455078125,7974.0,7309.55615234375,95.7,0.5,14326.59765625,2.8
239.428024,64.382255,117.795627,56.304667,5070.91455078125,7974.0,7309.55615234375,103.9,0.5,14326.59765625,2.8
235.103327,63.613222,114.105929,56.750595,5070.91455078125,7974.0,7309.55615234375,97.3,0.5,14326.84375,2.8
239.80759,65.99686,116.657339,56.456049,5070.91455078125,7974.0,7309.55615234375,99.5,0.6,14326.84375,2.8
242.664206,67.482034,118.152653,56.411458,5070.91455078125,7974.0,7309.55615234375,102.5,0.5,14326.84375,2.8
239.984423,66.084942,116.72309,56.537652,5070.91455078125,7974.0,7309.55615234375,99.5,0.6,14328.3203125,2.8
241.393045,66.377917,117.415461,56.966908,5070.91455078125,7974.0,7309.55615234375,98.9,0.5,14329.73828125,2.8
240.613302,66.60898,116.72057,56.663963,5070.91455078125,7974.0,7309.55615234375,99.2,0.5,14329.73828125,2.8
241.187653,65.798747,117.869808,56.895207,5070.91455078125,7974.0,7309.55615234375,99.0,0.5,14329.73828125,2.8
241.197322,66.978066,116.683,56.909688,5070.91455078125,7974.0,7309.55615234375,103.1,0.6,14329.73828125,2.8
240.250716,65.014255,118.175063,56.413199,5070.91455078125,7974.0,7309.55615234375,99.4,0.5,14329.984375,2.8
241.793722,67.216589,117.487932,56.46278,5070.91455078125,7974.0,7309.55615234375,98.7,0.5,14329.984375,2.8
239.77471,64.341204,118.314304,56.494011,5070.91455078125,7974.0,7309.55615234375,103.7,0.5,14329.984375,2.8
235.914598,63.742475,114.424113,56.974838,5070.91455078125,7974.0,7309.55615234375,97.0,0.5,14329.984375,2.8
240.481801,66.048232,117.075566,56.693204,5070.91455078125,7974.0,7309.55615234375,103.4,0.6,14330.0625,2.8
242.464702,67.453553,117.910759,56.47471,5070.91455078125,7974.0,7309.55615234375,94.4,0.5,14330.0625,2.8
240.450791,66.055091,116.844322,56.925417,5070.91455078125,7974.0,7309.55615234375,103.4,0.5,14330.30859375,2.8
240.581283,66.186174,117.217468,56.534261,5070.91455078125,7974.0,7309.55615234375,103.4,0.5,14330.30859375,2.8
240.337468,66.596319,116.401225,56.704284,5070.91455078125,7974.0,7309.55615234375,95.2,0.5,14330.30859375,2.8
240.597813,65.795517,117.850178,56.306698,5070.91455078125,7974.0,7309.55615234375,103.3,0.5,14330.30859375,2.8
240.572052,66.798613,116.271713,56.870777,5070.91455078125,7974.0,7309.55615234375,95.1,0.5,14330.5546875,2.8
239.884441,64.533137,117.845888,56.886786,5070.91455078125,7974.0,7309.55615234375,99.5,0.6,14330.0625,2.8
242.403612,67.410812,117.621405,56.747664,5070.91455078125,7974.0,7309.55615234375,102.6,0.5,14330.0625,2.8
237.812079,64.159971,116.593598,56.418729,5070.91455078125,7974.0,7309.55615234375,104.6,0.5,14330.30859375,2.8
236.218723,64.558998,114.084098,56.947608,5070.91455078125,7974.0,7309.55615234375,96.8,0.7,14332.27734375,2.8
239.685989,66.160343,116.451256,56.439671,5070.91455078125,7974.0,7309.55615234375,99.6,0.5,14332.27734375,2.8
241.610348,67.027277,117.343039,56.604652,5070.91455078125,7974.0,7309.55615234375,102.9,0.5,14332.27734375,2.8
239.915102,65.625584,116.661549,56.977428,5070.91455078125,7974.0,7309.55615234375,99.5,0.5,14332.5078125,2.8
241.094871,65.825237,117.640694,56.995259,5070.91455078125,7974.0,7309.55615234375,94.9,0.5,14328.5703125,2.8
240.118354,66.079432,116.630359,56.47616,5070.91455078125,7974.0,7309.55615234375,103.6,0.5,14328.56640625,2.8
240.370599,64.803251,118.401646,56.545011,5070.91455078125,7974.0,7309.55615234375,99.3,0.5,14328.53515625,2.8
236.386876,63.549472,115.653703,56.537121,5070.91455078125,7974.0,7309.55615234375,101.0,0.5,14328.78125,2.8
240.205317,63.890567,118.781902,56.905587,5070.91455078125,7974.0,7309.55615234375,99.4,0.5,14329.02734375,2.8
241.497587,67.191379,117.004114,56.644553,5070.91455078125,7974.0,7309.55615234375,98.9,0.5,14329.02734375,2.8
240.578442,66.691241,116.451716,56.794175,5070.91455078125,7974.0,7309.55615234375,99.2,0.5,14329.02734375,2.8
241.526107,66.411557,117.824488,56.657553,5070.91455078125,7974.0,7309.55615234375,103.0,0.5,14329.02734375,2.8
240.266378,66.896715,116.361435,56.375419,5070.91455078125,7974.0,7309.55615234375,99.4,0.5,14329.2734375,2.8
241.783591,66.651371,117.9629,56.543532,5070.91455078125,7974.0,7309.55615234375,102.9,0.6,14329.2734375,2.8
239.932062,65.9535,117.033375,56.325228,5070.91455078125,7974.0,7309.55615234375,95.4,0.5,14329.2734375,2.8
241.174413,65.621335,118.038421,56.875737,5070.91455078125,7974.0,7309.55615234375,103.1,0.6,14329.26953125,2.8
240.383229,65.998941,117.390941,56.362879,5070.91455078125,7974.0,7309.55615234375,99.3,0.5,14329.515625,2.8
241.164811,65.008174,118.741762,56.783334,5070.91455078125,7974.0,7309.55615234375,99.0,0.5,14329.515625,2.8
236.628941,63.600953,115.642793,56.750284,5070.91455078125,7974.0,7309.55615234375,100.9,0.5,14329.515625,2.8
240.764495,66.231234,117.286749,56.609972,5070.91455078125,7974.0,7309.55615234375,99.2,0.5,14329.72265625,2.8
241.372325,67.116988,117.026135,56.590832,5070.91455078125,7974.0,7309.55615234375,103.0,0.6,14329.72265625,2.8
240.942048,66.810143,116.834401,56.676534,5070.91455078125,7974.0,7309.55615234375,99.1,0.5,14329.72265625,2.8
240.390759,65.9248,117.513352,56.324968,5070.91455078125,7974.0,7309.55615234375,99.3,0.5,14329.72265625,2.8
240.846997,66.976406,116.67765,56.573262,5070.91455078125,7974.0,7309.55615234375,99.1,0.5,14329.72265625,2.8
242.33065,66.753233,118.038781,56.911378,5070.91455078125,7974.0,7309.55615234375,98.5,0.5,14329.96875,2.8
240.364189,66.034391,116.818141,56.880456,5070.91455078125,7974.0,7309.55615234375,103.5,0.5,14329.96875,2.8
241.473536,65.740016,118.156833,56.945177,5070.91455078125,7974.0,7309.55615234375,98.9,0.5,14329.96875,2.8
241.124722,66.206674,117.315809,56.958128,5070.91455078125,7974.0,7309.55615234375,99.0,0.5,14329.96484375,2.8
241.541677,65.849668,118.518328,56.534921,5070.91455078125,7974.0,7309.55615234375,98.8,0.5,14330.2109375,2.8
240.947237,67.107698,116.76993,56.402969,5070.91455078125,7974.0,7309.55615234375,98.9,0.5,14330.2109375,2.8
239.102849,64.712191,117.160827,56.592872,5070.91455078125,7974.0,7309.55615234375,99.8,0.5,14330.2109375,2.8
242.139357,67.801899,117.386451,56.313449,5070.91455078125,7974.0,7309.55615234375,102.7,0.5,14330.2109375,2.8
240.085414,66.307215,116.649099,56.48367,5070.91455078125,7974.0,7309.55615234375,99.4,0.5,14330.2109375,2.8
237.351022,64.71246,115.073944,56.931178,5070.91455078125,7974.0,7309.55615234375,100.6,0.5,14330.2109375,2.8
240.146975,66.250114,116.767611,56.49475,5070.91455078125,7974.0,7309.55615234375,103.6,0.5,14330.2109375,2.8
242.044626,66.760123,118.251314,56.396158,5070.91455078125,7974.0,7309.55615234375,94.5,0.5,14330.2109375,2.8
240.311888,66.100642,117.139586,56.42663,5070.91455078125,7974.0,7309.55615234375,99.3,0.5,14330.45703125,2.8
241.264363,66.088211,118.084491,56.148816,5070.91455078125,7974.0,7309.55615234375,103.1,0.5,14330.45703125,2.8
240.663254,66.249864,117.159067,56.585562,5070.91455078125,7974.0,7309.55615234375,99.2,0.5,14330.45703125,2.8
241.497117,65.590644,118.61042,56.667524,5070.91455078125,7974.0,7309.55615234375,98.8,0.5,14330.45703125,2.8
241.09651,66.999536,117.040474,56.42825,5070.91455078125,7974.0,7309.55615234375,99.0,0.6,14330.703125,2.8
240.353158,64.785841,118.420153,56.524323,5070.91455078125,7974.0,7309.55615234375,103.5,0.5,14330.703125,2.8
241.978768,67.06541,117.559929,56.713967,5070.91455078125,7974.0,7309.55615234375,102.8,0.5,14330.703125,2.8
239.326235,64.192914,118.004126,56.502164,5070.91455078125,7974.0,7309.55615234375,95.6,0.5,14330.703125,2.8
236.747584,64.570461,114.631913,56.89901,5070.91455078125,7974.0,7309.55615234375,105.0,0.5,14330.94921875,2.8
240.821128,66.214327,117.550319,56.410742,5070.91455078125,7974.0,7309.55615234375,95.0,0.5,14330.94921875,2.8
242.689358,67.203633,118.314032,56.543534,5070.91455078125,7974.0,7309.55615234375,102.5,0.5,14330.94921875,2.8
240.490413,66.064885,117.261855,56.531675,5070.91455078125,7974.0,7309.55615234375,99.3,0.5,14330.9453125,2.8
241.930646,66.455331,118.036997,56.720427,5070.91455078125,7974.0,7309.55615234375,98.7,0.6,14331.19140625,2.8
241.375498,66.744866,117.068902,56.91818,5070.91455078125,7974.0,7309.55615234375,103.0,0.5,14331.4375,2.8
242.055959,66.35818,118.724447,56.347431,5070.91455078125,7974.0,7309.55615234375,98.6,0.5,14331.4375,2.8
242.000507,66.834407,117.611201,56.92446,5070.91455078125,7974.0,7309.55615234375,98.7,0.5,14331.4375,2.8
240.819759,65.405305,118.400792,56.378151,5070.91455078125,7974.0,7309.55615234375,99.1,0.5,14331.4375,2.8
240.733737,66.225947,117.274666,56.599825,5070.91455078125,7974.0,7309.55615234375,99.2,0.5,14331.4375,2.8
241.081852,64.906447,118.643516,56.88075,5070.91455078125,7974.0,7309.55615234375,103.1,0.6,14331.68359375,2.8
236.180915,63.799249,115.127191,56.626276,5070.91455078125,7974.0,7309.55615234375,101.1,0.5,14331.68359375,2.8
241.057982,66.112226,117.601271,56.711457,5070.91455078125,7974.0,7309.55615234375,99.0,0.5,14331.68359375,2.8
241.912826,67.308485,117.56286,56.415242,5070.91455078125,7974.0,7309.55615234375,98.7,0.5,14331.9296875,2.8
240.824999,66.623583,117.007801,56.570284,5070.91455078125,7974.0,7309.55615234375,99.1,0.5,14331.9296875,2.8
242.380073,66.858157,118.485994,56.406963,5070.91455078125,7974.0,7309.55615234375,102.6,0.5,14331.9296875,2.8
241.211584,67.294174,116.608064,56.672327,5070.91455078125,7974.0,7309.55615234375,99.0,0.5,14331.9296875,2.8
